incident_id,lat,lon,incident_type,incident_level,datetime,category
289724,36.160913,-86.776837,EMS & Rescue,Moderate,2022-01-01 00:07:25,Nine
289725,36.16272,-86.775347,EMS & Rescue,Moderate,2022-01-01 00:07:59,Nine
289726,36.160659,-86.777427,EMS & Rescue,Moderate,2022-01-01 00:11:44,Nine
289727,36.216591,-86.790614,EMS & Rescue,Moderate,2022-01-01 00:15:46,Nine
289728,36.167447,-86.79742,EMS & Rescue,Low,2022-01-01 00:20:10,Nine
289729,36.17946,-86.798507,EMS & Rescue,Low,2022-01-01 00:20:31,Nine
289730,36.161285,-86.775956,EMS & Rescue,Moderate,2022-01-01 00:24:46,Nine
289731,36.160388,-86.778176,EMS & Rescue,Moderate,2022-01-01 00:26:20,Nine
289732,36.045748,-86.674218,EMS & Rescue,Moderate,2022-01-01 00:23:00,Nine
289733,36.16095,-86.775805,EMS & Rescue,Moderate,2022-01-01 00:30:34,Nine
289734,36.156946,-86.79323,EMS & Rescue,Low,2022-01-01 00:31:59,Nine
289735,36.229387,-86.759284,EMS & Rescue,Moderate,2022-01-01 00:30:00,Nine
289736,36.220557,-86.761059,False Alarm False Call,Low,2022-01-01 00:35:17,ThreeF
289737,36.162245,-86.774364,EMS & Rescue,Moderate,2022-01-01 00:36:41,Nine
289738,36.056665,-86.611109,EMS & Rescue,Low,2022-01-01 00:37:04,Nine
289739,36.161132,-86.777457,EMS & Rescue,Moderate,2022-01-01 00:37:16,Nine
289740,36.256445,-86.71325,EMS & Rescue,Moderate,2022-01-01 00:41:41,Nine
289741,36.152435,-86.791979,False Alarm False Call,Low,2022-01-01 00:51:42,ThreeF
289742,36.158009,-86.878509,Service Call,Low,2022-01-01 00:55:07,Five
289743,36.167981,-86.779453,EMS & Rescue,High,2022-01-01 00:56:22,Nine
289744,36.16004,-86.773142,EMS & Rescue,Moderate,2022-01-01 00:52:00,Nine
289745,36.15471,-86.751144,Fire,High,2022-01-01 00:58:14,Four
289746,36.158483,-86.789705,EMS & Rescue,Low,2022-01-01 00:59:23,Nine
289747,36.160659,-86.779332,EMS & Rescue,Moderate,2022-01-01 00:59:54,Nine
289748,36.160545,-86.777803,EMS & Rescue,Moderate,2022-01-01 01:06:07,Nine
289749,36.205839,-86.771616,EMS & Rescue,Low,2022-01-01 01:03:00,Nine
289750,36.150539,-86.771971,EMS & Rescue,Moderate,2022-01-01 01:09:00,Nine
289751,36.161939,-86.774361,EMS & Rescue,Moderate,2022-01-01 01:25:07,Nine
289752,36.070696,-86.718092,Fire,High,2022-01-01 01:28:03,Four
289753,36.168864,-86.761243,EMS & Rescue,Low,2022-01-01 01:30:00,Nine
289754,36.116478,-86.71195,EMS & Rescue,High,2022-01-01 01:33:00,Nine
289755,36.160388,-86.778176,EMS & Rescue,Moderate,2022-01-01 01:38:00,Nine
289756,36.200634,-86.700434,EMS & Rescue,Moderate,2022-01-01 01:40:33,Nine
289757,36.161132,-86.777457,EMS & Rescue,Moderate,2022-01-01 01:40:45,Nine
289758,36.078127,-86.721156,Fire,High,2022-01-01 01:42:19,Four
289759,36.169476,-86.80663,EMS & Rescue,Moderate,2022-01-01 01:42:24,Nine
289760,36.167981,-86.779453,EMS & Rescue,Moderate,2022-01-01 01:43:00,Nine
289761,36.17283,-86.784926,EMS & Rescue,Moderate,2022-01-01 01:43:50,Nine
289762,36.161589,-86.77656,EMS & Rescue,Moderate,2022-01-01 01:44:33,Nine
289763,36.147565,-86.781547,False Alarm False Call,Moderate,2022-01-01 01:39:00,ThreeF
289764,36.156121,-86.806326,False Alarm False Call,Low,2022-01-01 01:45:20,ThreeF
289765,36.332679,-86.868126,EMS & Rescue,Low,2022-01-01 01:47:13,Nine
289766,36.147305,-86.814575,Service Call,Moderate,2022-01-01 01:49:46,Five
289767,36.160253,-86.773142,EMS & Rescue,Moderate,2022-01-01 01:51:30,Nine
289768,36.138431,-86.80214,EMS & Rescue,Moderate,2022-01-01 01:41:00,Nine
289769,36.171858,-86.767905,EMS & Rescue,Low,2022-01-01 01:49:00,Nine
289770,36.149704,-86.77919,EMS & Rescue,Low,2022-01-01 01:56:57,Nine
289771,36.196894,-86.741613,EMS & Rescue,Low,2022-01-01 02:05:12,Nine
289772,36.128261,-86.907751,EMS & Rescue,Low,2022-01-01 02:07:36,Nine
289773,36.162091,-86.57628,EMS & Rescue,High,2022-01-01 02:05:00,Nine
289774,36.043945,-86.693305,EMS & Rescue,Low,2022-01-01 02:10:11,Nine
289775,36.176721,-86.786152,EMS & Rescue,Low,2022-01-01 02:14:00,Nine
289776,36.162907,-86.776868,EMS & Rescue,Moderate,2022-01-01 02:20:43,Nine
289777,36.034595,-86.611723,EMS & Rescue,Moderate,2022-01-01 02:20:00,Nine
289778,36.24101,-86.86927,EMS & Rescue,Moderate,2022-01-01 02:21:00,Nine
289779,36.160491,-86.778946,EMS & Rescue,Moderate,2022-01-01 02:26:52,Nine
289780,36.236221,-86.759066,EMS & Rescue,Low,2022-01-01 02:34:22,Nine
289781,36.201003,-86.752197,EMS & Rescue,Low,2022-01-01 02:29:00,Nine
289782,36.296078,-86.811288,EMS & Rescue,Critical,2022-01-01 02:41:51,Nine
289783,36.057744,-86.760152,Fire,Low,2022-01-01 02:40:00,FourA
289784,36.111461,-86.809685,False Alarm False Call,Low,2022-01-01 02:45:25,ThreeF
289785,36.15939,-86.780995,EMS & Rescue,Moderate,2022-01-01 02:45:45,Nine
289786,36.11109,-86.783713,False Alarm False Call,Low,2022-01-01 02:41:00,ThreeF
289787,36.15712,-86.774677,EMS & Rescue,Moderate,2022-01-01 02:48:14,Nine
289788,36.071916,-86.93372,EMS & Rescue,High,2022-01-01 02:52:00,Nine
289789,36.156603,-86.787952,EMS & Rescue,Moderate,2022-01-01 02:50:00,Nine
289790,36.090835,-86.7024,False Alarm False Call,Low,2022-01-01 02:56:29,ThreeF
289791,36.151504,-86.751292,EMS & Rescue,Low,2022-01-01 02:56:00,Nine
289792,36.256148,-86.655278,EMS & Rescue,Low,2022-01-01 03:05:21,Nine
289793,36.179796,-86.730766,EMS & Rescue,Low,2022-01-01 03:03:00,Nine
289794,36.197131,-86.768245,EMS & Rescue,Low,2022-01-01 03:07:31,Nine
289795,36.182781,-86.77227,EMS & Rescue,Moderate,2022-01-01 03:09:00,Nine
289796,36.079615,-86.726322,Fire,High,2022-01-01 03:20:38,FourA
289797,36.141337,-86.74259,EMS & Rescue,Moderate,2022-01-01 03:25:08,Nine
289798,36.158185,-86.834206,EMS & Rescue,Moderate,2022-01-01 03:37:00,Nine
289799,36.176627,-86.791838,False Alarm False Call,Low,2022-01-01 03:47:09,ThreeF
289800,36.328632,-86.720885,EMS & Rescue,Moderate,2022-01-01 03:47:28,Nine
289801,36.072997,-86.731959,EMS & Rescue,Moderate,2022-01-01 03:44:00,Nine
289802,36.201211,-86.70302,EMS & Rescue,Moderate,2022-01-01 03:49:00,Nine
289803,36.231632,-86.772107,EMS & Rescue,Low,2022-01-01 03:47:00,Nine
289804,36.130972,-86.82136,EMS & Rescue,Moderate,2022-01-01 03:57:01,Nine
289805,36.074404,-86.626467,EMS & Rescue,High,2022-01-01 04:00:19,Nine
289806,36.192917,-86.599701,EMS & Rescue,Low,2022-01-01 04:02:00,Nine
289807,36.158377,-86.780301,EMS & Rescue,Moderate,2022-01-01 04:05:57,Nine
289808,36.296078,-86.811288,EMS & Rescue,Moderate,2022-01-01 04:09:41,Nine
289809,36.148673,-86.860787,EMS & Rescue,Low,2022-01-01 04:12:00,Nine
289810,36.051873,-86.64757,EMS & Rescue,Low,2022-01-01 04:20:48,Nine
289811,36.157738,-86.792757,EMS & Rescue,Low,2022-01-01 04:24:07,Nine
289812,36.206526,-86.779394,EMS & Rescue,Low,2022-01-01 04:31:00,Nine
289813,36.161077,-86.844956,EMS & Rescue,Moderate,2022-01-01 04:36:59,Nine
289814,36.161633,-86.659893,EMS & Rescue,Low,2022-01-01 04:40:09,Nine
289815,36.030053,-86.579533,EMS & Rescue,Moderate,2022-01-01 04:39:00,Nine
289816,36.096084,-86.63249,Service Call,Low,2022-01-01 04:45:45,Five
289817,36.114635,-86.745819,EMS & Rescue,Low,2022-01-01 04:47:12,Nine
289818,36.180601,-86.796353,EMS & Rescue,Low,2022-01-01 04:49:00,Nine
289819,36.129337,-86.80257,EMS & Rescue,Low,2022-01-01 04:54:00,Nine
289820,36.168562,-86.780072,EMS & Rescue,Moderate,2022-01-01 04:58:51,Nine
289821,36.045288,-86.628408,EMS & Rescue,Low,2022-01-01 04:55:00,Nine
289822,36.158347,-86.784207,EMS & Rescue,Moderate,2022-01-01 05:08:18,Nine
289823,36.132512,-86.719732,EMS & Rescue,Moderate,2022-01-01 02:54:00,Nine
289824,36.091105,-86.649678,EMS & Rescue,Moderate,2022-01-01 05:12:00,Nine
289825,36.21915,-86.807479,EMS & Rescue,Low,2022-01-01 05:14:00,Nine
289826,36.159591,-86.77347,False Alarm False Call,Low,2022-01-01 05:30:07,ThreeF
289827,36.146396,-86.692894,EMS & Rescue,Low,2022-01-01 05:34:00,Nine
289828,36.07187,-86.654353,EMS & Rescue,High,2022-01-01 05:40:00,Nine
289829,36.265038,-86.747262,EMS & Rescue,Moderate,2022-01-01 05:57:00,Nine
289830,36.10301,-86.739562,Service Call,Low,2022-01-01 05:59:03,Nine
289831,36.195801,-86.597965,Service Call,Moderate,2022-01-01 06:01:13,Five
289832,36.274422,-86.714949,EMS & Rescue,Moderate,2022-01-01 06:00:00,Nine
289833,36.053618,-86.588719,EMS & Rescue,High,2022-01-01 06:04:03,Nine
289834,36.093893,-86.624863,EMS & Rescue,Moderate,2022-01-01 06:14:15,Nine
289835,36.241149,-86.630039,Service Call,Moderate,2022-01-01 06:16:39,Five
289836,36.183356,-86.790263,EMS & Rescue,Low,2022-01-01 06:11:00,Nine
289837,36.244746,-86.731595,EMS & Rescue,Low,2022-01-01 06:28:44,Nine
289838,36.079501,-86.644604,EMS & Rescue,Low,2022-01-01 06:30:10,Nine
289839,36.287944,-86.747862,EMS & Rescue,Moderate,2022-01-01 06:32:31,Nine
289840,36.10301,-86.739562,EMS & Rescue,Moderate,2022-01-01 06:32:32,Nine
289841,36.052248,-86.653197,EMS & Rescue,Low,2022-01-01 06:30:00,Nine
289842,36.119813,-86.707307,Service Call,Moderate,2022-01-01 06:35:14,Five
289843,36.257411,-86.712803,False Alarm False Call,Low,2022-01-01 06:46:12,ThreeF
289844,36.152475,-86.764309,EMS & Rescue,Low,2022-01-01 06:47:45,Nine
289845,36.097785,-86.743828,EMS & Rescue,Low,2022-01-01 06:53:47,Nine
289846,36.051026,-86.96546,EMS & Rescue,Moderate,2022-01-01 07:02:09,Nine
289847,36.000248,-86.635898,EMS & Rescue,Moderate,2022-01-01 07:02:46,Nine
289848,36.173536,-86.603263,EMS & Rescue,Low,2022-01-01 07:01:00,Nine
289849,36.144659,-86.639519,EMS & Rescue,Moderate,2022-01-01 07:06:00,Nine
289850,36.263451,-86.675466,EMS & Rescue,Low,2022-01-01 07:12:00,Nine
289851,36.103805,-86.717966,EMS & Rescue,Moderate,2022-01-01 07:16:16,Nine
289852,36.121864,-86.70244,EMS & Rescue,Moderate,2022-01-01 07:23:49,Nine
289853,36.109502,-86.923036,Fire,Low,2022-01-01 07:24:00,Two
289854,36.171891,-86.822457,EMS & Rescue,Low,2022-01-01 07:30:03,Nine
289855,36.128679,-86.806814,EMS & Rescue,Low,2022-01-01 07:30:00,Nine
289856,36.178465,-86.796499,EMS & Rescue,Low,2022-01-01 07:40:00,Nine
289857,36.203164,-86.590186,EMS & Rescue,Low,2022-01-01 07:46:07,Nine
289858,36.124289,-86.911316,False Alarm False Call,Low,2022-01-01 07:53:29,ThreeF
289859,36.202512,-86.740456,False Alarm False Call,Low,2022-01-01 07:56:56,ThreeF
289860,36.089955,-86.728275,Service Call,Moderate,2022-01-01 08:01:05,Five
289861,36.043839,-86.717704,EMS & Rescue,Moderate,2022-01-01 08:11:22,Nine
289862,36.218654,-86.793532,EMS & Rescue,Moderate,2022-01-01 08:17:00,Nine
289863,36.087618,-86.826549,Service Call,Low,2022-01-01 08:23:00,Five
289864,36.18002,-86.803062,EMS & Rescue,Low,2022-01-01 08:32:31,Nine
289865,36.03787,-86.708907,EMS & Rescue,Moderate,2022-01-01 08:09:00,Nine
289866,36.182316,-86.71616,Hazardous Condition,Moderate,2022-01-01 08:34:37,Five
289867,36.077092,-87.012163,EMS & Rescue,Low,2022-01-01 08:37:00,Nine
289868,36.167808,-86.787187,EMS & Rescue,Low,2022-01-01 08:41:30,Nine
289869,36.253355,-86.698148,EMS & Rescue,Low,2022-01-01 08:42:00,Nine
289870,36.110331,-86.784916,EMS & Rescue,Low,2022-01-01 08:52:00,Nine
289871,36.259013,-86.71571,EMS & Rescue,Moderate,2022-01-01 08:54:24,Nine
289872,36.073046,-86.636298,Service Call,Low,2022-01-01 08:55:05,Five
289873,36.000248,-86.635898,EMS & Rescue,High,2022-01-01 09:04:43,Nine
289874,36.300617,-86.714549,Service Call,Moderate,2022-01-01 09:05:48,Five
289875,36.181136,-86.811326,EMS & Rescue,Low,2022-01-01 09:07:24,Nine
289876,36.185463,-86.84634,False Alarm False Call,Low,2022-01-01 09:22:10,ThreeF
289877,36.167152,-86.699822,EMS & Rescue,Moderate,2022-01-01 09:35:37,Nine
289878,36.149273,-86.76158,EMS & Rescue,Moderate,2022-01-01 09:35:00,Nine
289879,36.16671,-86.802429,EMS & Rescue,Low,2022-01-01 09:38:25,Nine
289880,36.128465,-86.817394,EMS & Rescue,Low,2022-01-01 09:41:00,Nine
289881,36.1797,-86.799932,Citizen Complaint,Low,2022-01-01 09:41:25,Five
289882,36.321717,-86.868236,EMS & Rescue,Moderate,2022-01-01 09:48:15,Nine
289883,36.181813,-86.798501,EMS & Rescue,Low,2022-01-01 09:42:00,Nine
289884,36.264481,-86.647953,EMS & Rescue,Moderate,2022-01-01 09:52:00,Nine
289885,36.153926,-86.802146,EMS & Rescue,Moderate,2022-01-01 09:52:57,Nine
289886,36.20063,-86.729788,False Alarm False Call,Low,2022-01-01 09:54:00,ThreeF
289887,36.049792,-86.704661,EMS & Rescue,Moderate,2022-01-01 09:59:00,Nine
289888,36.127899,-86.770308,False Alarm False Call,Low,2022-01-01 10:10:45,ThreeF
289889,36.176737,-86.787686,EMS & Rescue,Low,2022-01-01 10:20:36,Nine
289890,36.150324,-86.631867,EMS & Rescue,Moderate,2022-01-01 10:23:08,Nine
289891,36.167766,-86.777811,False Alarm False Call,Low,2022-01-01 10:24:25,ThreeF
289892,36.245789,-86.719892,EMS & Rescue,Low,2022-01-01 10:24:00,Nine
289893,36.159914,-86.77387,EMS & Rescue,Moderate,2022-01-01 10:36:28,Nine
289894,36.207122,-86.8598,EMS & Rescue,Moderate,2022-01-01 10:40:00,Nine
289895,36.189343,-86.816519,EMS & Rescue,Low,2022-01-01 10:41:00,Nine
289896,36.205934,-86.610037,EMS & Rescue,Low,2022-01-01 10:58:00,Nine
289897,36.152597,-86.798654,False Alarm False Call,Low,2022-01-01 11:02:18,ThreeF
289898,36.045808,-86.663147,EMS & Rescue,Moderate,2022-01-01 11:03:44,Nine
289899,36.198926,-86.758712,EMS & Rescue,Low,2022-01-01 11:02:00,Nine
289900,36.144955,-86.783949,EMS & Rescue,Low,2022-01-01 11:05:00,Nine
289901,36.145861,-86.838685,EMS & Rescue,Moderate,2022-01-01 11:10:00,Nine
289902,36.167621,-86.606326,EMS & Rescue,High,2022-01-01 11:11:12,Nine
289903,36.187008,-86.819499,EMS & Rescue,Low,2022-01-01 11:10:00,Nine
289904,36.194112,-86.75734,EMS & Rescue,Low,2022-01-01 11:13:00,Nine
289905,36.161916,-86.673717,False Alarm False Call,Low,2022-01-01 11:15:25,Five
289906,36.16612,-86.756179,EMS & Rescue,Moderate,2022-01-01 11:14:00,Nine
289907,36.082199,-86.725696,EMS & Rescue,Moderate,2022-01-01 11:15:50,Nine
289908,36.177254,-86.807527,EMS & Rescue,Low,2022-01-01 11:18:30,Nine
289909,36.084904,-86.631381,EMS & Rescue,Moderate,2022-01-01 11:18:00,Nine
289910,36.208757,-86.778147,EMS & Rescue,Moderate,2022-01-01 11:01:00,Nine
289911,36.073987,-86.626988,EMS & Rescue,High,2022-01-01 11:20:00,Nine
289912,36.178011,-86.646657,EMS & Rescue,Low,2022-01-01 11:38:00,Nine
289913,36.229349,-86.756746,EMS & Rescue,Moderate,2022-01-01 11:44:32,Nine
289914,36.184664,-86.81605,EMS & Rescue,Low,2022-01-01 11:46:50,Nine
289915,36.329374,-86.697727,Hazardous Condition,Moderate,2022-01-01 11:52:38,Five
289916,36.153521,-86.777511,EMS & Rescue,Moderate,2022-01-01 11:52:52,Nine
289917,36.07266,-86.949583,EMS & Rescue,Moderate,2022-01-01 11:55:02,Nine
289918,36.093704,-86.820398,EMS & Rescue,Low,2022-01-01 11:54:00,Nine
289919,36.209345,-86.723854,Hazardous Condition,Low,2022-01-01 12:08:05,Five
289920,36.017679,-86.686147,EMS & Rescue,Moderate,2022-01-01 12:08:00,Nine
289921,36.190691,-86.710743,Hazardous Condition,Low,2022-01-01 12:09:00,ThreeB
289922,36.184409,-86.753322,EMS & Rescue,Low,2022-01-01 12:14:02,Nine
289923,36.114131,-86.917416,EMS & Rescue,Moderate,2022-01-01 12:08:00,Nine
289924,36.132438,-86.772528,False Alarm False Call,Low,2022-01-01 12:14:36,ThreeF
289925,36.143298,-86.857734,Hazardous Condition,Low,2022-01-01 12:17:25,Five
289926,36.070716,-86.951254,EMS & Rescue,Moderate,2022-01-01 12:19:11,Nine
289927,36.244178,-86.762467,EMS & Rescue,Low,2022-01-01 12:20:00,Nine
289928,36.172345,-86.607808,EMS & Rescue,Low,2022-01-01 12:24:59,Nine
289929,36.233163,-86.764512,EMS & Rescue,Moderate,2022-01-01 12:27:00,Nine
289930,36.169368,-86.814364,Fire,High,2022-01-01 12:30:00,Four
289931,36.202757,-86.863349,False Alarm False Call,Low,2022-01-01 12:32:54,ThreeF
289932,36.15983,-86.868267,Fire,Low,2022-01-01 12:31:00,Four
289933,36.256941,-86.759528,False Alarm False Call,Low,2022-01-01 12:34:01,ThreeF
289934,36.156977,-86.807341,EMS & Rescue,Moderate,2022-01-01 12:31:00,Nine
289935,36.220309,-86.83414,Hazardous Condition,Low,2022-01-01 12:38:52,Five
289936,36.259013,-86.71571,EMS & Rescue,Moderate,2022-01-01 12:38:54,Nine
289937,36.150857,-86.775494,False Alarm False Call,Low,2022-01-01 12:40:13,ThreeF
289938,36.261441,-86.738052,EMS & Rescue,Low,2022-01-01 12:40:00,Nine
289939,36.284452,-86.877633,Hazardous Condition,Low,2022-01-01 12:41:00,Five
289940,36.225301,-86.836607,Hazardous Condition,Low,2022-01-01 12:44:12,Five
289941,36.292193,-86.704741,False Alarm False Call,Low,2022-01-01 12:44:27,ThreeF
289942,36.104969,-86.820277,EMS & Rescue,Low,2022-01-01 12:41:00,Nine
289943,36.070338,-86.61927,Good Intent Call,Low,2022-01-01 12:46:04,OneB
289944,36.297002,-86.719253,Service Call,Moderate,2022-01-01 12:48:38,Five
289945,36.200461,-86.828059,Hazardous Condition,Low,2022-01-01 12:44:00,Five
289946,36.282467,-86.789141,Hazardous Condition,Low,2022-01-01 12:51:47,Five
289947,36.072905,-86.578405,EMS & Rescue,Low,2022-01-01 12:53:13,Nine
289948,36.310075,-86.705985,Hazardous Condition,Low,2022-01-01 12:53:00,Five
289949,36.159072,-86.623689,EMS & Rescue,Low,2022-01-01 12:54:00,Nine
289950,36.115185,-86.74362,Hazardous Condition,Low,2022-01-01 13:00:48,Five
289951,36.271445,-86.704136,Hazardous Condition,Low,2022-01-01 13:06:00,Five
289952,36.144115,-86.623215,False Alarm False Call,Low,2022-01-01 13:11:36,ThreeF
289953,36.17464,-86.764665,EMS & Rescue,Low,2022-01-01 13:11:00,Nine
289954,36.15453,-86.780397,False Alarm False Call,Low,2022-01-01 13:19:54,ThreeF
289955,36.141837,-86.67569,EMS & Rescue,Moderate,2022-01-01 13:16:00,Nine
289956,36.156496,-86.817785,EMS & Rescue,Low,2022-01-01 13:21:29,Nine
289957,36.159105,-86.773764,Good Intent Call,Low,2022-01-01 13:25:06,Four
289958,36.265764,-86.708988,Hazardous Condition,Low,2022-01-01 13:21:00,Five
289959,36.167435,-86.821921,EMS & Rescue,Low,2022-01-01 13:29:17,Nine
289960,36.213379,-86.76162,EMS & Rescue,Moderate,2022-01-01 13:29:36,Nine
289961,36.25218,-86.741293,False Alarm False Call,Low,2022-01-01 13:26:00,ThreeF
289962,36.150857,-86.775494,False Alarm False Call,Low,2022-01-01 13:31:46,ThreeF
289963,36.082975,-86.713447,EMS & Rescue,Moderate,2022-01-01 13:34:34,Nine
289964,36.165081,-86.683251,False Alarm False Call,Low,2022-01-01 13:34:51,ThreeF
289965,36.293537,-86.735161,EMS & Rescue,Moderate,2022-01-01 13:37:26,Nine
289966,36.139048,-86.705909,EMS & Rescue,Moderate,2022-01-01 13:36:00,Nine
289967,36.152101,-86.778567,EMS & Rescue,Moderate,2022-01-01 13:43:00,Nine
289968,36.049536,-86.584556,EMS & Rescue,Moderate,2022-01-01 13:46:00,Nine
289969,36.075309,-86.747091,Hazardous Condition,Low,2022-01-01 13:46:00,Five
289970,36.157359,-86.775553,EMS & Rescue,Low,2022-01-01 13:46:00,Nine
289971,36.077711,-86.74327,EMS & Rescue,Low,2022-01-01 13:49:00,Nine
289972,36.143331,-86.819569,EMS & Rescue,Low,2022-01-01 13:57:21,Nine
289973,36.181108,-86.79509,EMS & Rescue,Low,2022-01-01 13:55:00,Nine
289974,36.141337,-86.74259,EMS & Rescue,Moderate,2022-01-01 14:00:46,Nine
289975,36.118319,-86.74254,EMS & Rescue,Moderate,2022-01-01 14:07:00,Nine
289976,36.121624,-86.846367,EMS & Rescue,Moderate,2022-01-01 14:07:00,Nine
289977,36.10301,-86.739562,EMS & Rescue,Moderate,2022-01-01 14:11:45,Nine
289978,36.253088,-86.767492,EMS & Rescue,Low,2022-01-01 14:13:00,Nine
289979,36.258692,-86.713844,EMS & Rescue,Low,2022-01-01 14:15:10,Nine
289980,36.256601,-86.766457,EMS & Rescue,Moderate,2022-01-01 14:15:00,Nine
289981,36.112885,-86.871058,Hazardous Condition,Low,2022-01-01 14:18:30,Five
289982,36.306685,-86.826914,Hazardous Condition,Low,2022-01-01 14:22:00,Five
289983,36.139214,-86.819865,EMS & Rescue,Moderate,2022-01-01 14:23:00,Nine
289984,36.091813,-86.734811,Fire,High,2022-01-01 14:29:07,Two
289985,36.106599,-86.815881,EMS & Rescue,Low,2022-01-01 14:26:00,Nine
289986,36.129836,-86.711344,EMS & Rescue,Moderate,2022-01-01 14:24:00,Nine
289987,36.164945,-86.800561,EMS & Rescue,Moderate,2022-01-01 14:32:10,Nine
289988,35.995175,-86.685579,EMS & Rescue,Moderate,2022-01-01 14:29:00,Nine
289989,36.052128,-86.676007,EMS & Rescue,Low,2022-01-01 14:32:42,Nine
289990,36.157303,-86.760557,EMS & Rescue,Low,2022-01-01 14:39:27,Nine
289991,36.226373,-86.827872,EMS & Rescue,Moderate,2022-01-01 14:41:00,Nine
289992,36.103669,-86.716433,EMS & Rescue,Moderate,2022-01-01 14:43:00,Nine
289993,36.206888,-86.632908,EMS & Rescue,Low,2022-01-01 14:48:59,Nine
289994,36.141045,-86.637505,EMS & Rescue,Moderate,2022-01-01 14:55:55,Nine
289995,36.160465,-86.781153,EMS & Rescue,Low,2022-01-01 14:27:00,Nine
289996,36.067383,-86.698419,EMS & Rescue,Moderate,2022-01-01 14:58:35,Nine
289997,36.141001,-86.656904,EMS & Rescue,Moderate,2022-01-01 15:01:12,Nine
289998,36.316278,-86.715716,EMS & Rescue,Moderate,2022-01-01 15:08:59,Nine
289999,36.06491,-86.641366,EMS & Rescue,Low,2022-01-01 15:09:40,Nine
290000,36.285041,-86.679321,Hazardous Condition,Low,2022-01-01 15:09:00,Five
290001,36.130209,-86.70232,EMS & Rescue,Moderate,2022-01-01 15:06:00,Nine
290002,36.186979,-86.821669,EMS & Rescue,Low,2022-01-01 15:14:27,Nine
290003,36.131468,-86.722583,EMS & Rescue,Low,2022-01-01 15:14:27,Nine
290004,36.048839,-86.696302,EMS & Rescue,Low,2022-01-01 15:13:00,Nine
290005,36.048407,-86.839575,Hazardous Condition,Low,2022-01-01 15:14:00,Five
290006,36.050351,-86.717824,EMS & Rescue,Moderate,2022-01-01 15:16:58,Nine
290007,36.267995,-86.695981,EMS & Rescue,Low,2022-01-01 15:15:00,Nine
290008,36.126243,-86.789011,EMS & Rescue,Moderate,2022-01-01 15:22:00,Nine
290009,36.297834,-86.728708,EMS & Rescue,Moderate,2022-01-01 15:25:00,Nine
290010,36.107151,-86.747823,Service Call,Moderate,2022-01-01 15:27:32,Five
290011,36.193086,-86.809826,EMS & Rescue,Low,2022-01-01 15:33:16,Nine
290012,36.221911,-86.774608,EMS & Rescue,Low,2022-01-01 15:36:21,Nine
290013,36.084083,-87.013361,EMS & Rescue,Low,2022-01-01 15:36:36,Nine
290014,36.186849,-86.820836,EMS & Rescue,Low,2022-01-01 15:39:06,Nine
290015,36.151659,-86.797451,False Alarm False Call,Low,2022-01-01 15:43:05,ThreeF
290016,36.071167,-86.574395,EMS & Rescue,High,2022-01-01 15:47:57,Nine
290017,36.005116,-86.683761,False Alarm False Call,Low,2022-01-01 15:50:23,ThreeF
290018,36.257997,-86.692058,EMS & Rescue,Low,2022-01-01 15:55:39,Nine
290019,36.321643,-86.700934,EMS & Rescue,Moderate,2022-01-01 15:55:50,Nine
290020,36.154614,-86.786206,EMS & Rescue,Low,2022-01-01 15:57:12,Nine
290021,36.128523,-86.713873,EMS & Rescue,Moderate,2022-01-01 15:54:00,Nine
290022,36.301547,-86.893138,EMS & Rescue,Moderate,2022-01-01 15:59:00,Nine
290023,36.242093,-86.713269,Hazardous Condition,Low,2022-01-01 16:01:12,Five
290024,36.180181,-86.84834,EMS & Rescue,Moderate,2022-01-01 16:01:41,Nine
290025,36.153521,-86.777511,EMS & Rescue,Moderate,2022-01-01 16:04:36,Nine
290026,36.227512,-86.8001,Hazardous Condition,Low,2022-01-01 16:03:00,ThreeB
290027,36.256585,-86.704058,EMS & Rescue,Low,2022-01-01 15:56:00,Nine
290028,36.02025,-86.724181,False Alarm False Call,Low,2022-01-01 16:06:47,ThreeF
290029,36.153997,-86.660473,EMS & Rescue,Moderate,2022-01-01 16:11:30,Nine
290030,36.153521,-86.777511,EMS & Rescue,Moderate,2022-01-01 16:18:22,Nine
290031,36.150186,-86.860588,EMS & Rescue,Moderate,2022-01-01 16:19:23,Nine
290032,36.123472,-86.910527,EMS & Rescue,Low,2022-01-01 16:19:52,Nine
290033,36.124992,-86.847643,EMS & Rescue,Moderate,2022-01-01 16:27:53,Nine
290034,36.178966,-86.80378,EMS & Rescue,Moderate,2022-01-01 16:20:00,Nine
290035,36.069242,-86.689137,EMS & Rescue,Low,2022-01-01 16:30:00,Nine
290036,36.222834,-86.80773,EMS & Rescue,Moderate,2022-01-01 16:39:00,Nine
290037,36.164932,-86.856729,False Alarm False Call,Low,2022-01-01 16:41:48,ThreeF
290038,36.138431,-86.80214,EMS & Rescue,Moderate,2022-01-01 16:44:09,Nine
290039,36.08049,-86.713226,Service Call,Low,2022-01-01 16:45:28,Five
290040,36.275806,-86.758032,Hazardous Condition,Low,2022-01-01 16:49:05,Five
290041,36.058575,-86.650159,EMS & Rescue,Moderate,2022-01-01 16:52:01,Nine
290042,36.082524,-86.763722,EMS & Rescue,Moderate,2022-01-01 16:58:08,Nine
290043,36.27883,-86.726216,EMS & Rescue,Moderate,2022-01-01 17:00:21,Nine
290044,36.180268,-86.805628,EMS & Rescue,Low,2022-01-01 17:00:00,Nine
290045,36.142947,-86.650446,EMS & Rescue,Low,2022-01-01 17:05:12,Nine
290046,36.142502,-86.7527,Service Call,Moderate,2022-01-01 17:07:22,Five
290047,36.049792,-86.704661,EMS & Rescue,Moderate,2022-01-01 17:07:00,Nine
290048,36.143592,-86.660253,EMS & Rescue,Moderate,2022-01-01 17:09:48,Nine
290049,36.180081,-86.811045,EMS & Rescue,Low,2022-01-01 17:13:00,Nine
290050,36.184706,-86.668562,EMS & Rescue,Low,2022-01-01 17:14:39,Nine
290051,36.175305,-86.600569,EMS & Rescue,Low,2022-01-01 17:14:00,Nine
290052,36.262884,-86.70542,EMS & Rescue,Low,2022-01-01 17:15:00,Nine
290053,36.077439,-86.746833,Hazardous Condition,High,2022-01-01 17:16:58,Five
290054,36.271011,-86.860336,Hazardous Condition,Low,2022-01-01 17:17:33,Five
290055,36.135089,-86.701111,False Alarm False Call,Low,2022-01-01 17:20:00,ThreeF
290056,36.10245,-86.740332,EMS & Rescue,Low,2022-01-01 16:50:00,Nine
290057,36.264308,-86.706491,EMS & Rescue,Moderate,2022-01-01 17:22:56,Nine
290058,36.062739,-86.625894,EMS & Rescue,High,2022-01-01 17:20:00,Nine
290059,36.250901,-86.70773,EMS & Rescue,Low,2022-01-01 17:26:00,Nine
290060,36.157792,-86.776457,EMS & Rescue,Low,2022-01-01 17:32:15,Nine
290061,36.230934,-86.77231,EMS & Rescue,Moderate,2022-01-01 17:33:48,Nine
290062,36.06301,-86.915555,EMS & Rescue,Low,2022-01-01 17:37:31,Nine
290063,36.152148,-86.722617,EMS & Rescue,Low,2022-01-01 17:37:35,Nine
290064,36.057144,-86.644527,EMS & Rescue,Moderate,2022-01-01 17:37:40,Nine
290065,36.045204,-86.661955,EMS & Rescue,Moderate,2022-01-01 17:38:00,Nine
290066,36.160519,-86.823205,EMS & Rescue,Low,2022-01-01 17:44:45,Nine
290067,36.110266,-86.725311,EMS & Rescue,Low,2022-01-01 17:48:39,Nine
290068,36.157359,-86.775553,EMS & Rescue,Low,2022-01-01 17:50:59,Nine
290069,36.102361,-86.794799,False Alarm False Call,Low,2022-01-01 17:51:29,ThreeF
290070,36.053665,-86.715028,EMS & Rescue,Moderate,2022-01-01 17:52:10,Nine
290071,36.152107,-86.773178,EMS & Rescue,Moderate,2022-01-01 17:51:00,Nine
290072,36.301806,-86.702,Fire,Moderate,2022-01-01 17:54:36,Two
290073,36.081112,-86.951215,EMS & Rescue,Moderate,2022-01-01 17:57:49,Nine
290074,36.044804,-86.712374,EMS & Rescue,Low,2022-01-01 18:04:00,Nine
290075,36.161073,-86.776489,EMS & Rescue,Low,2022-01-01 18:09:13,Nine
290076,36.175481,-86.599615,EMS & Rescue,High,2022-01-01 18:12:03,Nine
290077,36.158858,-86.824177,EMS & Rescue,Moderate,2022-01-01 18:15:13,Nine
290078,36.179029,-86.795706,EMS & Rescue,Low,2022-01-01 18:17:50,Nine
290079,36.185618,-86.722891,Hazardous Condition,Low,2022-01-01 18:24:17,OneB
290080,36.136207,-86.797849,EMS & Rescue,Moderate,2022-01-01 18:24:56,Nine
290081,36.239657,-86.734869,EMS & Rescue,Low,2022-01-01 18:25:01,Nine
290082,36.116515,-86.8365,EMS & Rescue,Moderate,2022-01-01 18:24:00,Nine
290083,36.091191,-86.709645,EMS & Rescue,Critical,2022-01-01 18:27:30,Nine
290084,36.047577,-86.598908,False Alarm False Call,Low,2022-01-01 18:36:06,ThreeF
290085,36.205934,-86.610037,EMS & Rescue,Moderate,2022-01-01 18:35:00,Nine
290086,36.168864,-86.761243,Service Call,Moderate,2022-01-01 18:37:00,Nine
290087,36.15194,-86.780405,EMS & Rescue,Low,2022-01-01 18:39:00,Nine
290088,36.308506,-86.686782,EMS & Rescue,Moderate,2022-01-01 18:38:00,Nine
290089,36.046624,-86.712835,EMS & Rescue,Low,2022-01-01 18:36:00,Nine
290090,36.035797,-86.965876,EMS & Rescue,Moderate,2022-01-01 18:39:00,Nine
290091,36.054167,-86.692301,EMS & Rescue,Moderate,2022-01-01 18:42:08,Nine
290092,36.153521,-86.777511,EMS & Rescue,Moderate,2022-01-01 18:40:00,Nine
290093,36.151659,-86.797451,False Alarm False Call,Low,2022-01-01 18:45:10,ThreeF
290094,36.153613,-86.81075,False Alarm False Call,Low,2022-01-01 18:47:07,ThreeF
290095,36.1894,-86.631039,False Alarm False Call,Low,2022-01-01 18:46:00,ThreeF
290096,36.08051,-86.909423,Service Call,Moderate,2022-01-01 18:49:00,Five
290097,36.152101,-86.778567,EMS & Rescue,Low,2022-01-01 18:52:09,Nine
290098,36.254992,-86.672701,Service Call,Low,2022-01-01 18:51:00,Five
290099,36.174554,-86.771083,Fire,High,2022-01-01 18:55:00,Four
290100,36.159997,-86.816841,EMS & Rescue,Moderate,2022-01-01 19:14:00,Nine
290101,36.160188,-86.646271,EMS & Rescue,Moderate,2022-01-01 19:12:00,Nine
290102,36.103383,-86.796019,EMS & Rescue,Low,2022-01-01 19:41:05,Nine
290103,36.064134,-86.685268,EMS & Rescue,Moderate,2022-01-01 19:51:29,Nine
290104,36.306764,-86.704179,EMS & Rescue,Moderate,2022-01-01 19:52:25,Nine
290105,36.049059,-86.714241,EMS & Rescue,Low,2022-01-01 19:55:25,Nine
290106,36.160803,-86.595848,EMS & Rescue,High,2022-01-01 19:56:25,Nine
290107,36.158489,-86.777128,EMS & Rescue,Moderate,2022-01-01 19:57:00,Nine
290108,36.178718,-86.818036,EMS & Rescue,Low,2022-01-01 20:03:54,Nine
290109,36.240954,-86.828728,EMS & Rescue,Moderate,2022-01-01 20:12:33,Nine
290110,36.122743,-86.63051,EMS & Rescue,Low,2022-01-01 20:14:44,Nine
290111,36.263078,-86.711931,Fire,High,2022-01-01 20:21:59,FourA
290112,36.059836,-86.702758,EMS & Rescue,Moderate,2022-01-01 20:22:47,Nine
290113,36.103436,-86.736997,EMS & Rescue,Low,2022-01-01 20:27:26,Nine
290114,36.295938,-86.705103,EMS & Rescue,Moderate,2022-01-01 20:34:07,Nine
290115,36.153926,-86.802146,EMS & Rescue,Moderate,2022-01-01 20:27:56,Nine
290116,36.134033,-86.722565,EMS & Rescue,Moderate,2022-01-01 20:41:21,Nine
290117,36.149332,-86.762537,EMS & Rescue,Low,2022-01-01 20:45:27,Nine
290118,36.183706,-86.841208,EMS & Rescue,Moderate,2022-01-01 20:45:00,Nine
290119,36.094762,-86.706934,EMS & Rescue,Low,2022-01-01 20:49:00,Nine
290120,36.25577,-86.738386,EMS & Rescue,Low,2022-01-01 20:52:00,Nine
290121,36.192452,-86.809692,EMS & Rescue,Moderate,2022-01-01 20:55:12,Nine
290122,36.161401,-86.775709,EMS & Rescue,Moderate,2022-01-01 20:56:00,Nine
290123,36.097106,-86.708731,EMS & Rescue,Moderate,2022-01-01 20:59:00,Nine
290124,36.084282,-86.704323,EMS & Rescue,Moderate,2022-01-01 21:06:00,Nine
290125,36.244833,-86.637854,EMS & Rescue,Low,2022-01-01 19:36:00,Nine
290126,36.165303,-86.780519,EMS & Rescue,Low,2022-01-01 21:13:37,Nine
290127,36.249911,-86.724369,EMS & Rescue,Low,2022-01-01 21:13:00,Nine
290128,36.181857,-86.798775,EMS & Rescue,Low,2022-01-01 21:16:23,Nine
290129,36.067488,-86.614524,Fire,Critical,2022-01-01 21:17:00,Two
290130,36.151504,-86.751292,EMS & Rescue,Low,2022-01-01 21:25:33,Nine
290131,36.230486,-86.789121,EMS & Rescue,Moderate,2022-01-01 21:27:52,Nine
290132,36.249574,-86.714271,EMS & Rescue,Low,2022-01-01 21:27:58,Nine
290133,36.298354,-86.698849,EMS & Rescue,Moderate,2022-01-01 21:28:15,Nine
290134,36.179533,-86.880373,Fire,High,2022-01-01 21:28:51,Four
290135,36.211491,-86.840731,False Alarm False Call,Low,2022-01-01 21:32:59,ThreeF
290136,36.160913,-86.776837,EMS & Rescue,Low,2022-01-01 21:36:04,Nine
290137,36.128054,-86.666145,EMS & Rescue,Low,2022-01-01 21:40:54,Nine
290138,36.131174,-86.666198,EMS & Rescue,Moderate,2022-01-01 21:41:39,Nine
290139,36.192215,-86.732169,EMS & Rescue,Low,2022-01-01 21:51:34,Nine
290140,36.193018,-86.860681,EMS & Rescue,Moderate,2022-01-01 21:55:33,Nine
290141,36.0839,-86.717101,EMS & Rescue,Moderate,2022-01-01 21:56:49,Nine
290142,36.254838,-86.682594,EMS & Rescue,Low,2022-01-01 21:57:00,Nine
290143,36.080332,-86.607579,EMS & Rescue,Moderate,2022-01-01 21:59:00,Nine
290144,36.058036,-86.718826,EMS & Rescue,Low,2022-01-01 22:00:00,Nine
290145,36.14271,-86.650996,EMS & Rescue,Moderate,2022-01-01 22:05:00,Nine
290146,36.18637,-86.818787,EMS & Rescue,Low,2022-01-01 22:07:00,Nine
290147,36.160857,-86.646443,EMS & Rescue,Moderate,2022-01-01 22:11:13,Nine
290148,36.159948,-86.777252,EMS & Rescue,Low,2022-01-01 22:12:28,Nine
290149,36.04127,-86.70432,EMS & Rescue,Moderate,2022-01-01 22:20:04,Nine
290150,36.14336,-86.819435,False Alarm False Call,Low,2022-01-01 22:26:02,ThreeF
290151,36.145381,-86.809175,EMS & Rescue,Moderate,2022-01-01 22:23:00,Nine
290152,36.167435,-86.821921,EMS & Rescue,Moderate,2022-01-01 22:27:00,Nine
290153,36.270569,-86.666999,EMS & Rescue,Low,2022-01-01 22:29:29,Nine
290154,36.231522,-86.772825,EMS & Rescue,Moderate,2022-01-01 22:38:19,Nine
290155,36.130719,-86.802084,EMS & Rescue,Moderate,2022-01-01 22:47:24,Nine
290156,36.219954,-86.782319,EMS & Rescue,Moderate,2022-01-01 22:45:00,Nine
290157,36.090835,-86.652861,EMS & Rescue,Moderate,2022-01-01 22:55:00,Nine
290158,36.263968,-86.658881,Service Call,Low,2022-01-01 23:00:02,Five
290159,36.142847,-86.667313,EMS & Rescue,High,2022-01-01 23:00:00,Nine
290160,36.153521,-86.777511,EMS & Rescue,Low,2022-01-01 23:03:07,Nine
290161,36.051821,-86.650515,Service Call,Low,2022-01-01 23:03:00,Five
290162,36.174024,-86.60087,Service Call,Moderate,2022-01-01 23:09:26,Five
290163,36.13581,-86.725049,EMS & Rescue,Moderate,2022-01-01 23:14:57,Nine
290164,36.161939,-86.774361,EMS & Rescue,Moderate,2022-01-01 23:18:40,Nine
290165,36.07688,-86.721394,EMS & Rescue,Moderate,2022-01-01 23:19:58,Nine
290166,36.14971,-86.757999,EMS & Rescue,Moderate,2022-01-01 23:25:09,Nine
290167,36.13035,-86.791017,Service Call,Moderate,2022-01-01 23:29:01,Five
290168,36.191745,-86.780237,False Alarm False Call,Low,2022-01-01 23:31:05,ThreeF
290169,36.059642,-86.933913,EMS & Rescue,Moderate,2022-01-01 23:37:00,Nine
290170,36.372362,-86.760414,EMS & Rescue,Moderate,2022-01-01 23:38:42,Nine
290171,36.161132,-86.777457,EMS & Rescue,Moderate,2022-01-01 23:43:59,Nine
290172,36.19502,-86.832812,EMS & Rescue,Moderate,2022-01-01 23:48:21,Nine
290173,36.033791,-86.59613,EMS & Rescue,Moderate,2022-01-01 23:50:18,Nine
290174,36.192967,-86.809526,Service Call,Low,2022-01-01 23:47:00,Three
290175,36.201333,-86.614848,EMS & Rescue,High,2022-01-01 23:58:57,Nine
290176,36.063215,-86.94575,EMS & Rescue,Moderate,2022-01-01 23:58:59,Nine
290177,36.181862,-86.809396,EMS & Rescue,Low,2022-01-02 00:00:04,Nine
290178,36.161677,-86.776187,EMS & Rescue,Moderate,2022-01-02 00:08:15,Nine
290179,36.157738,-86.792757,False Alarm False Call,Low,2022-01-02 00:18:26,ThreeF
290180,36.159741,-86.778534,EMS & Rescue,Moderate,2022-01-02 00:17:00,Nine
290181,36.344929,-86.717537,EMS & Rescue,Moderate,2022-01-02 00:24:27,Nine
290182,36.315711,-86.714721,EMS & Rescue,Moderate,2022-01-02 00:28:20,Nine
290183,36.173253,-86.795415,EMS & Rescue,Low,2022-01-02 00:31:00,Nine
290184,36.181862,-86.809396,EMS & Rescue,Moderate,2022-01-02 00:38:01,Nine
290185,36.128051,-86.641377,EMS & Rescue,Moderate,2022-01-02 00:52:00,Nine
290186,36.291078,-86.720666,EMS & Rescue,Moderate,2022-01-02 00:59:02,Nine
290187,36.157095,-86.770265,EMS & Rescue,Low,2022-01-02 01:09:31,Nine
290188,36.270088,-86.722236,EMS & Rescue,Moderate,2022-01-02 01:13:28,Nine
290189,36.146995,-86.76262,EMS & Rescue,High,2022-01-02 01:23:17,Nine
290190,36.213379,-86.76162,EMS & Rescue,Low,2022-01-02 01:24:00,Nine
290191,36.144731,-86.754658,EMS & Rescue,Moderate,2022-01-02 01:27:30,Nine
290192,36.160659,-86.777427,EMS & Rescue,Moderate,2022-01-02 01:27:59,Nine
290193,36.047615,-86.738374,EMS & Rescue,Low,2022-01-02 01:33:46,Nine
290194,36.156671,-86.806902,EMS & Rescue,Low,2022-01-02 01:32:00,Nine
290195,36.210932,-86.819131,EMS & Rescue,Moderate,2022-01-02 01:45:00,Nine
290196,36.152678,-86.785355,EMS & Rescue,Low,2022-01-02 01:48:51,Nine
290197,36.117228,-86.628533,EMS & Rescue,Moderate,2022-01-02 01:59:29,Nine
290198,36.256808,-86.763695,EMS & Rescue,Moderate,2022-01-02 02:00:00,Nine
290199,36.161589,-86.77656,EMS & Rescue,Moderate,2022-01-02 02:04:30,Nine
290200,36.174944,-86.601207,EMS & Rescue,High,2022-01-02 02:19:30,Nine
290201,36.272038,-86.70652,EMS & Rescue,Low,2022-01-02 02:19:38,Nine
290202,36.206515,-86.776486,EMS & Rescue,Low,2022-01-02 02:21:04,Nine
290203,36.078537,-86.721196,EMS & Rescue,Moderate,2022-01-02 02:25:00,Nine
290204,36.194502,-86.724576,EMS & Rescue,Low,2022-01-02 02:44:00,Nine
290205,36.298989,-86.88651,EMS & Rescue,Low,2022-01-02 02:50:24,Nine
290206,36.041194,-86.661771,EMS & Rescue,Low,2022-01-02 02:52:29,Nine
290207,36.173467,-86.652796,EMS & Rescue,Moderate,2022-01-02 02:53:13,Nine
290208,36.175831,-86.804619,EMS & Rescue,Low,2022-01-02 02:53:18,Nine
290209,36.142502,-86.7527,EMS & Rescue,Moderate,2022-01-02 02:59:00,Nine
290210,36.135478,-86.777587,Good Intent Call,Low,2022-01-02 03:15:48,Nine
290211,36.167981,-86.779453,EMS & Rescue,Moderate,2022-01-02 03:23:20,Nine
290212,36.188538,-86.797845,EMS & Rescue,Low,2022-01-02 03:57:18,Nine
290213,36.081894,-86.604025,EMS & Rescue,Moderate,2022-01-02 04:00:08,Nine
290214,36.093675,-86.626016,EMS & Rescue,Moderate,2022-01-02 04:02:22,Nine
290215,36.216673,-86.750071,EMS & Rescue,Low,2022-01-02 04:00:00,Nine
290216,36.225214,-86.829843,EMS & Rescue,Moderate,2022-01-02 04:10:46,Nine
290217,36.10301,-86.739562,EMS & Rescue,Moderate,2022-01-02 04:14:05,Nine
290218,36.05834,-86.750708,EMS & Rescue,Moderate,2022-01-02 05:02:00,Nine
290219,36.033635,-86.775465,Service Call,Low,2022-01-02 05:03:00,Three
290220,36.241149,-86.630039,EMS & Rescue,Moderate,2022-01-02 05:07:34,Nine
290221,36.051523,-86.714361,Hazardous Condition,Low,2022-01-02 05:23:00,Five
290222,36.122066,-86.630198,EMS & Rescue,High,2022-01-02 05:33:27,Nine
290223,36.235031,-86.789823,EMS & Rescue,Moderate,2022-01-02 05:58:53,Nine
290224,36.151687,-86.881568,EMS & Rescue,Low,2022-01-02 06:05:02,Nine
290225,36.069777,-86.59615,EMS & Rescue,Low,2022-01-02 06:05:00,Nine
290226,36.29356,-86.70665,False Alarm False Call,Low,2022-01-02 06:07:50,ThreeF
290227,36.144441,-86.823384,EMS & Rescue,Moderate,2022-01-02 06:32:00,Nine
290228,36.170405,-86.678861,EMS & Rescue,Low,2022-01-02 06:37:00,Nine
290229,36.121124,-86.705824,EMS & Rescue,Moderate,2022-01-02 06:40:00,Nine
290230,36.236938,-86.813287,EMS & Rescue,Low,2022-01-02 06:48:01,Nine
290231,36.134528,-86.720967,EMS & Rescue,Moderate,2022-01-02 07:15:51,Nine
290232,36.090652,-86.646809,EMS & Rescue,Moderate,2022-01-02 07:28:31,Nine
290233,36.21547,-86.801946,EMS & Rescue,Low,2022-01-02 07:31:02,Nine
290234,36.121009,-86.705657,EMS & Rescue,Moderate,2022-01-02 07:40:07,Nine
290235,36.170896,-86.748712,Fire,High,2022-01-02 07:39:00,Two
290236,36.148852,-86.762479,EMS & Rescue,Low,2022-01-02 07:47:00,Nine
290237,36.193086,-86.809826,EMS & Rescue,Moderate,2022-01-02 07:54:01,Nine
290238,36.104969,-86.820277,False Alarm False Call,Low,2022-01-02 07:57:23,ThreeF
290239,36.076165,-86.913643,EMS & Rescue,High,2022-01-02 07:58:05,Nine
290240,36.146036,-86.777076,EMS & Rescue,Low,2022-01-02 08:00:57,Nine
290241,36.13074,-86.904191,EMS & Rescue,Moderate,2022-01-02 08:03:00,Nine
290242,36.124911,-86.844915,False Alarm False Call,Low,2022-01-02 08:14:20,ThreeF
290243,36.196438,-86.841357,EMS & Rescue,Moderate,2022-01-02 08:40:00,Nine
290244,36.128465,-86.817394,EMS & Rescue,Low,2022-01-02 08:53:51,Nine
290245,36.123761,-86.717331,EMS & Rescue,Moderate,2022-01-02 08:57:13,Nine
290246,36.261256,-86.70827,EMS & Rescue,Low,2022-01-02 08:57:00,Nine
290247,36.179066,-86.797813,EMS & Rescue,Moderate,2022-01-02 08:56:00,Nine
290248,36.213017,-86.762483,EMS & Rescue,Low,2022-01-02 08:59:54,Nine
290249,36.121009,-86.732913,EMS & Rescue,Moderate,2022-01-02 08:59:00,Nine
290250,36.129717,-86.819438,EMS & Rescue,Low,2022-01-02 09:24:48,Nine
290251,36.338773,-86.702644,EMS & Rescue,Moderate,2022-01-02 09:26:05,Nine
290252,36.249911,-86.724369,EMS & Rescue,Moderate,2022-01-02 09:27:00,Nine
290253,36.142539,-86.818584,EMS & Rescue,Moderate,2022-01-02 09:31:18,Nine
290254,36.121504,-86.71823,False Alarm False Call,Low,2022-01-02 09:32:06,ThreeF
290255,36.20454,-86.846526,EMS & Rescue,Moderate,2022-01-02 09:33:00,Nine
290256,36.215577,-86.627012,EMS & Rescue,Moderate,2022-01-02 09:36:18,Nine
290257,36.210089,-86.600406,EMS & Rescue,Moderate,2022-01-02 09:48:01,Nine
290258,36.1619,-86.775173,EMS & Rescue,Low,2022-01-02 09:49:07,Nine
290259,36.155029,-86.771393,Service Call,High,2022-01-02 09:49:19,Five
290260,36.333146,-86.82417,EMS & Rescue,High,2022-01-02 09:55:54,Nine
290261,36.20184,-86.616474,EMS & Rescue,Moderate,2022-01-02 10:13:00,Nine
290262,36.031263,-86.680388,EMS & Rescue,Moderate,2022-01-02 10:24:00,Nine
290263,36.184287,-86.746048,EMS & Rescue,Moderate,2022-01-02 10:26:00,Nine
290264,36.163316,-86.783037,EMS & Rescue,Low,2022-01-02 10:33:09,Nine
290265,36.071185,-86.742483,EMS & Rescue,Moderate,2022-01-02 10:38:22,Nine
290266,36.209454,-86.751575,EMS & Rescue,Low,2022-01-02 10:39:00,Nine
290267,36.054912,-86.821352,EMS & Rescue,Moderate,2022-01-02 10:45:23,Nine
290268,36.151293,-86.765582,EMS & Rescue,Low,2022-01-02 10:49:00,Nine
290269,36.229715,-86.792958,EMS & Rescue,Low,2022-01-02 10:59:41,Nine
290270,36.207122,-86.8598,EMS & Rescue,Moderate,2022-01-02 11:00:05,Nine
290271,36.268996,-86.709344,EMS & Rescue,Moderate,2022-01-02 11:02:24,Nine
290272,36.237611,-86.728699,EMS & Rescue,Moderate,2022-01-02 11:04:07,Nine
290273,36.041097,-86.769417,EMS & Rescue,Low,2022-01-02 11:09:26,Nine
290274,36.153521,-86.777511,EMS & Rescue,Low,2022-01-02 11:18:20,Nine
290275,36.177936,-86.87457,EMS & Rescue,Moderate,2022-01-02 11:20:08,Nine
290276,36.153521,-86.777511,EMS & Rescue,Moderate,2022-01-02 11:20:00,Nine
290277,36.330045,-86.700615,EMS & Rescue,Moderate,2022-01-02 11:22:49,Nine
290278,36.153521,-86.777511,EMS & Rescue,Moderate,2022-01-02 11:24:47,Nine
290279,36.150578,-86.90048,EMS & Rescue,Moderate,2022-01-02 11:25:00,Nine
290280,36.143985,-86.747072,EMS & Rescue,Moderate,2022-01-02 11:37:00,Nine
290281,36.006065,-86.631171,EMS & Rescue,Low,2022-01-02 11:39:00,Nine
290282,36.15226,-86.773233,EMS & Rescue,Low,2022-01-02 11:39:00,Nine
290283,36.206347,-86.593342,EMS & Rescue,Low,2022-01-02 11:45:44,Nine
290284,36.076692,-86.953769,EMS & Rescue,High,2022-01-02 11:44:00,Nine
290285,36.114118,-86.917633,EMS & Rescue,Moderate,2022-01-02 11:48:23,Nine
290286,36.073325,-86.91861,EMS & Rescue,Moderate,2022-01-02 11:49:25,Nine
290287,36.043109,-86.778541,EMS & Rescue,Moderate,2022-01-02 12:05:00,Nine
290288,36.080903,-86.887365,EMS & Rescue,Moderate,2022-01-02 12:08:25,Nine
290289,36.06397,-86.644099,EMS & Rescue,Moderate,2022-01-02 12:17:39,Nine
290290,36.121855,-86.740956,EMS & Rescue,Moderate,2022-01-02 12:19:25,Nine
290291,36.238606,-86.728249,EMS & Rescue,Moderate,2022-01-02 12:24:39,Nine
290292,36.160502,-86.868055,Fire,High,2022-01-02 12:25:00,Four
290293,36.051026,-86.96546,EMS & Rescue,High,2022-01-02 12:29:00,Nine
290294,36.128572,-86.713008,EMS & Rescue,Moderate,2022-01-02 12:33:52,Nine
290295,36.078863,-86.698405,EMS & Rescue,Low,2022-01-02 12:33:00,Nine
290296,36.297711,-86.699104,EMS & Rescue,Moderate,2022-01-02 12:39:00,Nine
290297,36.184142,-86.668255,Service Call,Moderate,2022-01-02 12:46:15,Fourteen
290298,36.109637,-86.779884,False Alarm False Call,Low,2022-01-02 12:46:00,Sixteen
290299,36.109031,-86.857637,EMS & Rescue,Moderate,2022-01-02 12:48:46,Nine
290300,36.130485,-86.851049,EMS & Rescue,Moderate,2022-01-02 12:49:45,Nine
290301,36.238158,-86.780513,EMS & Rescue,Low,2022-01-02 12:56:00,Nine
290302,36.051594,-86.754618,Hazardous Condition,Low,2022-01-02 13:13:54,Five
290303,36.215649,-86.813274,Service Call,Moderate,2022-01-02 13:17:03,Five
290304,36.05271,-86.66325,EMS & Rescue,Moderate,2022-01-02 13:17:00,Nine
290305,36.249911,-86.724369,EMS & Rescue,Moderate,2022-01-02 13:19:00,Nine
290306,36.035797,-86.965876,EMS & Rescue,High,2022-01-02 13:24:00,Nine
290307,36.264462,-86.732291,EMS & Rescue,Low,2022-01-02 13:27:29,Nine
290308,36.147305,-86.814575,EMS & Rescue,Low,2022-01-02 13:23:00,Nine
290309,36.196508,-86.757336,EMS & Rescue,Moderate,2022-01-02 13:31:35,Nine
290310,36.151858,-86.625655,EMS & Rescue,Moderate,2022-01-02 13:33:00,Nine
290311,36.178334,-86.795282,EMS & Rescue,Moderate,2022-01-02 13:37:00,Nine
290312,36.322322,-86.70618,EMS & Rescue,Moderate,2022-01-02 13:41:25,Nine
290313,36.045944,-86.742579,EMS & Rescue,Low,2022-01-02 13:43:00,Nine
290314,36.226399,-86.668486,EMS & Rescue,Low,2022-01-02 13:47:00,Nine
290315,36.104775,-86.931286,EMS & Rescue,Low,2022-01-02 13:56:50,Nine
290316,36.180962,-86.76117,EMS & Rescue,Low,2022-01-02 13:56:00,Nine
290317,36.207647,-86.71798,EMS & Rescue,Low,2022-01-02 13:58:16,Nine
290318,36.145128,-86.873881,EMS & Rescue,Moderate,2022-01-02 14:06:28,Nine
290319,36.173371,-86.591603,False Alarm False Call,Low,2022-01-02 14:17:00,ThreeF
290320,36.309675,-86.710151,Service Call,Moderate,2022-01-02 14:17:09,Five
290321,36.148252,-86.807071,EMS & Rescue,Low,2022-01-02 14:18:02,Nine
290322,36.138386,-86.784587,False Alarm False Call,Low,2022-01-02 14:18:36,ThreeF
290323,36.122066,-86.630198,EMS & Rescue,Moderate,2022-01-02 14:21:03,Nine
290324,36.121864,-86.70244,EMS & Rescue,Moderate,2022-01-02 14:29:00,Nine
290325,36.077711,-86.74327,EMS & Rescue,Moderate,2022-01-02 14:30:00,Nine
290326,36.152962,-86.795501,False Alarm False Call,Low,2022-01-02 14:32:50,ThreeF
290327,36.147197,-86.570014,False Alarm False Call,Low,2022-01-02 14:34:11,ThreeF
290328,36.150074,-86.753805,EMS & Rescue,Moderate,2022-01-02 14:35:52,Nine
290329,36.243961,-86.717767,Service Call,Moderate,2022-01-02 14:37:00,Nine
290330,36.188249,-86.73669,EMS & Rescue,Low,2022-01-02 14:40:00,Nine
290331,36.173406,-86.600359,EMS & Rescue,Moderate,2022-01-02 14:42:33,Nine
290332,36.153521,-86.777511,EMS & Rescue,Low,2022-01-02 14:44:48,Nine
290333,36.045955,-86.669224,EMS & Rescue,Moderate,2022-01-02 14:38:00,Nine
290334,36.086741,-86.726515,EMS & Rescue,Moderate,2022-01-02 14:57:00,Nine
290335,36.10117,-86.634336,Hazardous Condition,Low,2022-01-02 15:06:06,Five
290336,36.162341,-86.779448,False Alarm False Call,Low,2022-01-02 15:09:39,ThreeF
290337,36.066957,-86.82759,False Alarm False Call,Low,2022-01-02 15:22:37,ThreeF
290338,36.172124,-86.768803,EMS & Rescue,Low,2022-01-02 15:23:10,Nine
290339,36.198949,-86.738015,EMS & Rescue,Low,2022-01-02 15:28:08,Nine
290340,36.280358,-86.707914,EMS & Rescue,Moderate,2022-01-02 15:32:26,Nine
290341,36.044161,-86.591459,EMS & Rescue,Moderate,2022-01-02 15:36:00,Nine
290342,36.094731,-86.654196,EMS & Rescue,Low,2022-01-02 15:45:42,Nine
290343,36.161582,-86.766189,EMS & Rescue,Low,2022-01-02 15:54:00,Nine
290344,36.05028,-86.69461,EMS & Rescue,Moderate,2022-01-02 15:54:00,Nine
290345,36.115937,-86.766701,False Alarm False Call,Low,2022-01-02 15:58:30,ThreeF
290346,36.195816,-86.768176,False Alarm False Call,Low,2022-01-02 16:01:00,ThreeF
290347,36.17585,-86.751914,EMS & Rescue,Moderate,2022-01-02 16:02:49,Nine
290348,36.191529,-86.738265,EMS & Rescue,Low,2022-01-02 16:12:52,Nine
290349,36.183345,-86.808837,Fire,Low,2022-01-02 16:15:33,Four
290350,36.131384,-86.770628,EMS & Rescue,Low,2022-01-02 16:23:17,Nine
290351,36.217569,-86.805902,EMS & Rescue,Low,2022-01-02 16:24:38,Nine
290352,36.29995,-86.72743,EMS & Rescue,Moderate,2022-01-02 16:26:00,Nine
290353,36.281487,-86.707848,EMS & Rescue,Moderate,2022-01-02 16:25:00,Nine
290354,36.141497,-86.873416,Service Call,Moderate,2022-01-02 16:30:43,Five
290355,36.350389,-86.715677,EMS & Rescue,Moderate,2022-01-02 16:31:23,Nine
290356,36.091499,-86.770544,EMS & Rescue,Moderate,2022-01-02 16:30:00,Nine
290357,36.110266,-86.725311,Fire,High,2022-01-02 16:32:54,Four
290358,36.063245,-86.818008,EMS & Rescue,Moderate,2022-01-02 16:30:00,Nine
290359,36.251196,-86.716692,EMS & Rescue,Moderate,2022-01-02 16:30:00,Nine
290360,36.105493,-86.604558,EMS & Rescue,Low,2022-01-02 16:33:28,Nine
290361,36.250093,-86.659908,EMS & Rescue,Moderate,2022-01-02 16:32:00,Nine
290362,36.153072,-86.768933,False Alarm False Call,Low,2022-01-02 16:46:01,ThreeF
290363,36.16643,-86.781516,EMS & Rescue,Low,2022-01-02 16:49:00,Nine
290364,36.243429,-86.711717,EMS & Rescue,Low,2022-01-02 17:00:39,Nine
290365,36.306141,-86.712099,EMS & Rescue,Moderate,2022-01-02 17:04:29,Nine
290366,36.168528,-86.780153,EMS & Rescue,Low,2022-01-02 17:06:57,Nine
290367,36.110949,-86.917423,False Alarm False Call,Low,2022-01-02 17:18:00,ThreeF
290368,36.071287,-86.930515,EMS & Rescue,Low,2022-01-02 17:21:24,Nine
290369,36.298021,-86.727922,EMS & Rescue,Moderate,2022-01-02 17:26:18,Nine
290370,36.208757,-86.778147,EMS & Rescue,Low,2022-01-02 17:41:00,Nine
290371,36.254659,-86.685269,EMS & Rescue,Low,2022-01-02 17:48:00,Nine
290372,36.191964,-86.606442,EMS & Rescue,High,2022-01-02 17:54:00,Nine
290373,36.1471,-86.815552,EMS & Rescue,Low,2022-01-02 18:00:51,Nine
290374,36.169039,-86.807179,EMS & Rescue,Low,2022-01-02 18:00:00,Nine
290375,36.125098,-86.837419,Hazardous Condition,Low,2022-01-02 18:00:00,ThreeB
290376,36.153027,-86.805177,False Alarm False Call,Low,2022-01-02 18:40:00,ThreeF
290377,36.268752,-86.859858,Hazardous Condition,Low,2022-01-02 18:44:19,Four
290378,36.194212,-86.727144,EMS & Rescue,Low,2022-01-02 18:45:00,Nine
290379,36.215649,-86.813274,EMS & Rescue,Low,2022-01-02 18:45:00,Nine
290380,36.210682,-86.877835,EMS & Rescue,Low,2022-01-02 18:47:00,Nine
290381,36.178731,-86.770176,EMS & Rescue,Low,2022-01-02 18:54:49,Nine
290382,36.307676,-86.719984,EMS & Rescue,Moderate,2022-01-02 19:01:49,Nine
290383,36.202512,-86.740456,EMS & Rescue,Low,2022-01-02 19:09:00,Nine
290384,36.160396,-86.775002,EMS & Rescue,Moderate,2022-01-02 19:15:48,Nine
290385,36.083662,-86.647227,EMS & Rescue,Moderate,2022-01-02 19:21:00,Nine
290386,36.205934,-86.610037,EMS & Rescue,Moderate,2022-01-02 19:33:00,Nine
290387,36.107753,-86.740333,EMS & Rescue,Moderate,2022-01-02 19:38:18,Nine
290388,36.25218,-86.741293,EMS & Rescue,Moderate,2022-01-02 19:43:35,Nine
290389,36.19629,-86.825542,EMS & Rescue,Low,2022-01-02 19:48:00,Nine
290390,36.177274,-86.787761,Service Call,Low,2022-01-02 19:47:00,Four
290391,36.048547,-86.74042,EMS & Rescue,Low,2022-01-02 20:03:39,Nine
290392,36.051939,-86.670056,EMS & Rescue,Low,2022-01-02 20:02:00,Nine
290393,36.173884,-86.79075,EMS & Rescue,Moderate,2022-01-02 20:05:00,Nine
290394,36.241439,-86.757231,EMS & Rescue,Low,2022-01-02 20:18:26,Nine
290395,36.153582,-86.80911,EMS & Rescue,Moderate,2022-01-02 20:20:55,Nine
290396,36.162511,-86.825594,Service Call,Moderate,2022-01-02 20:25:00,Five
290397,36.166994,-86.815199,EMS & Rescue,Low,2022-01-02 20:31:57,Nine
290398,36.146775,-86.81317,EMS & Rescue,Low,2022-01-02 20:37:10,Nine
290399,36.21411,-86.795348,EMS & Rescue,Low,2022-01-02 20:35:00,Nine
290400,36.208191,-86.779064,EMS & Rescue,Low,2022-01-02 19:45:00,Nine
290401,36.23535,-86.803058,EMS & Rescue,Low,2022-01-02 20:51:50,Nine
290402,36.145608,-86.81001,EMS & Rescue,Low,2022-01-02 20:54:38,Nine
290403,36.173884,-86.79075,EMS & Rescue,Low,2022-01-02 20:05:00,Nine
290404,36.139188,-86.836956,EMS & Rescue,Low,2022-01-02 21:02:19,Nine
290405,36.079975,-86.621998,EMS & Rescue,High,2022-01-02 21:05:28,Nine
290406,36.03991,-86.623663,EMS & Rescue,Moderate,2022-01-02 21:07:08,Nine
290407,36.205809,-86.781335,EMS & Rescue,Low,2022-01-02 21:07:21,Nine
290408,36.282107,-86.70384,EMS & Rescue,Low,2022-01-02 21:06:00,Nine
290409,36.153521,-86.777511,EMS & Rescue,Low,2022-01-02 21:13:00,Nine
290410,36.251196,-86.716692,EMS & Rescue,Moderate,2022-01-02 21:16:22,Nine
290411,36.133912,-86.802898,False Alarm False Call,Low,2022-01-02 21:13:00,Five
290412,36.058593,-86.97539,False Alarm False Call,Low,2022-01-02 21:26:00,Sixteen
290413,36.137992,-86.727377,EMS & Rescue,Low,2022-01-02 21:40:00,Nine
290414,36.04157,-86.766843,Service Call,Low,2022-01-02 21:46:06,Five
290415,36.051795,-86.644576,EMS & Rescue,Moderate,2022-01-02 21:48:00,Nine
290416,36.166025,-86.800811,EMS & Rescue,Moderate,2022-01-02 21:50:00,Nine
290417,36.157167,-86.7896,EMS & Rescue,Low,2022-01-02 21:55:40,Nine
290418,36.097599,-86.612864,EMS & Rescue,Moderate,2022-01-02 21:55:00,Nine
290419,36.14766,-86.622373,EMS & Rescue,Moderate,2022-01-02 22:15:59,Nine
290420,36.267995,-86.695981,EMS & Rescue,Low,2022-01-02 22:14:00,Nine
290421,36.141854,-86.676903,EMS & Rescue,Low,2022-01-02 22:18:00,Nine
290422,36.146415,-86.796744,EMS & Rescue,Low,2022-01-02 22:22:41,Nine
290423,36.202207,-86.829253,EMS & Rescue,Moderate,2022-01-02 22:28:00,Nine
290424,36.080714,-86.942898,False Alarm False Call,Low,2022-01-02 22:31:36,ThreeF
290425,36.157561,-86.626121,EMS & Rescue,Low,2022-01-02 22:36:27,Nine
290426,36.045843,-86.718417,EMS & Rescue,Low,2022-01-02 22:34:00,Nine
290427,36.268099,-86.698794,EMS & Rescue,Low,2022-01-02 22:47:55,Nine
290428,36.301806,-86.702,Fire,Moderate,2022-01-02 22:48:06,Two
290429,36.078765,-86.655699,Service Call,Moderate,2022-01-02 22:50:10,Five
290430,36.189254,-86.626864,EMS & Rescue,Low,2022-01-02 22:50:00,Nine
290431,36.112401,-86.768023,EMS & Rescue,Moderate,2022-01-02 22:54:22,Nine
290432,36.137694,-86.884346,EMS & Rescue,Moderate,2022-01-02 22:55:05,Nine
290433,36.134354,-86.724461,EMS & Rescue,Low,2022-01-02 22:55:00,Nine
290434,36.205656,-86.772658,EMS & Rescue,Low,2022-01-02 22:55:00,Nine
290435,36.015733,-86.622393,EMS & Rescue,Low,2022-01-02 22:52:00,Nine
290436,36.075302,-86.635437,EMS & Rescue,Moderate,2022-01-02 23:07:00,Nine
290437,36.257933,-86.773954,Hazardous Condition,Low,2022-01-02 23:13:00,Five
290438,36.08275,-86.921232,EMS & Rescue,Low,2022-01-02 23:17:00,Nine
290439,36.072563,-86.594817,Hazardous Condition,Low,2022-01-02 23:25:11,Five
290440,36.236005,-86.782119,EMS & Rescue,Low,2022-01-02 23:30:34,Nine
290441,36.062117,-86.72227,Hazardous Condition,Low,2022-01-02 23:29:00,Five
290442,36.03992,-86.649958,EMS & Rescue,Low,2022-01-02 23:33:05,Nine
290443,36.115906,-86.835226,EMS & Rescue,Moderate,2022-01-02 23:44:00,Nine
290444,36.160388,-86.778176,EMS & Rescue,Low,2022-01-02 23:46:00,Nine
290445,36.157058,-86.761337,EMS & Rescue,Low,2022-01-02 23:50:28,Nine
290446,36.234823,-86.781867,EMS & Rescue,Low,2022-01-02 23:55:25,Nine
290447,36.251229,-86.717572,EMS & Rescue,Low,2022-01-02 23:56:00,Nine
290448,36.19131,-86.903453,EMS & Rescue,Low,2022-01-03 00:02:17,Nine
290449,36.169344,-86.765641,EMS & Rescue,Low,2022-01-03 00:04:33,Nine
290450,36.16644,-86.762446,EMS & Rescue,Moderate,2022-01-03 00:05:00,Nine
290451,36.161547,-86.775972,EMS & Rescue,Low,2022-01-03 00:12:39,Nine
290452,36.078143,-86.724171,Service Call,Low,2022-01-03 00:13:25,Five
290453,36.12677,-86.830415,EMS & Rescue,Moderate,2022-01-03 00:11:00,Nine
290454,36.1619,-86.775173,EMS & Rescue,Low,2022-01-03 00:16:50,Nine
290455,36.169007,-86.784481,EMS & Rescue,Low,2022-01-03 00:18:15,Nine
290456,36.302921,-86.701748,Fire,Moderate,2022-01-03 00:24:51,Two
290457,36.298354,-86.698849,EMS & Rescue,Moderate,2022-01-03 00:23:00,Nine
290458,36.321826,-86.712289,EMS & Rescue,Moderate,2022-01-03 00:27:26,Nine
290459,36.040503,-86.586104,Hazardous Condition,Low,2022-01-03 00:31:10,Five
290460,36.046015,-86.639918,EMS & Rescue,Moderate,2022-01-03 00:30:00,Nine
290461,36.32337,-86.708125,EMS & Rescue,Moderate,2022-01-03 00:46:42,Nine
290462,36.136129,-86.894686,EMS & Rescue,Moderate,2022-01-03 00:45:00,Nine
290463,36.192404,-86.629398,EMS & Rescue,Low,2022-01-03 00:47:00,Nine
290464,36.078143,-86.724171,Service Call,Low,2022-01-03 00:52:04,Five
290465,36.106416,-86.8165,False Alarm False Call,Low,2022-01-03 00:53:49,ThreeF
290466,36.038438,-86.719568,EMS & Rescue,Low,2022-01-03 00:59:00,Nine
290467,36.178731,-86.770176,EMS & Rescue,Low,2022-01-03 01:04:17,Nine
290468,36.181411,-86.753097,EMS & Rescue,Moderate,2022-01-03 01:11:25,Nine
290469,36.165526,-86.801282,EMS & Rescue,Moderate,2022-01-03 01:15:00,Nine
290470,36.144251,-86.747498,EMS & Rescue,Low,2022-01-03 01:22:48,Nine
290471,36.160643,-86.684075,Service Call,Moderate,2022-01-03 01:29:07,Five
290472,36.062117,-86.72227,Good Intent Call,Low,2022-01-03 01:30:30,Five
290473,36.121504,-86.71823,False Alarm False Call,Low,2022-01-03 01:58:52,ThreeF
290474,36.061775,-86.687087,EMS & Rescue,Low,2022-01-03 02:07:00,Nine
290475,36.145264,-86.668553,EMS & Rescue,Low,2022-01-03 02:06:00,Nine
290476,36.05708,-86.640542,EMS & Rescue,Moderate,2022-01-03 02:23:42,Nine
290477,36.240526,-86.749819,EMS & Rescue,Low,2022-01-03 02:20:00,Nine
290478,36.167899,-86.766272,EMS & Rescue,Low,2022-01-03 02:27:34,Nine
290479,36.062117,-86.72227,Hazardous Condition,Low,2022-01-03 02:36:56,Five
290480,36.073611,-86.926791,EMS & Rescue,Low,2022-01-03 02:41:18,Nine
290481,36.145264,-86.668553,False Alarm False Call,Low,2022-01-03 02:06:00,ThreeF
290482,36.160659,-86.777427,EMS & Rescue,Low,2022-01-03 03:10:28,Nine
290483,36.145264,-86.668553,False Alarm False Call,Low,2022-01-03 03:17:00,ThreeF
290484,36.302921,-86.701748,Fire,Moderate,2022-01-03 03:22:04,Two
290485,36.055574,-86.63805,EMS & Rescue,High,2022-01-03 03:39:00,Nine
290486,36.225606,-86.775819,EMS & Rescue,Low,2022-01-03 03:43:53,Nine
290487,36.070197,-86.57744,EMS & Rescue,Low,2022-01-03 03:50:31,Nine
290488,36.178731,-86.770176,EMS & Rescue,Low,2022-01-03 03:57:18,Nine
290489,36.008594,-86.649265,EMS & Rescue,Moderate,2022-01-03 03:59:03,Nine
290490,36.117536,-86.841988,Service Call,Low,2022-01-03 04:02:41,Five
290491,36.240547,-86.751102,EMS & Rescue,Low,2022-01-03 04:01:00,Nine
290492,36.063355,-86.723036,Service Call,Low,2022-01-03 04:11:53,Five
290493,36.293404,-86.694787,EMS & Rescue,Moderate,2022-01-03 04:19:28,Nine
290494,36.307459,-86.702671,EMS & Rescue,Moderate,2022-01-03 04:24:33,Nine
290495,36.149165,-86.64827,Service Call,Moderate,2022-01-03 04:27:44,Five
290496,36.326402,-86.702012,EMS & Rescue,Moderate,2022-01-03 04:29:11,Nine
290497,36.136562,-86.727332,EMS & Rescue,Low,2022-01-03 04:34:08,Nine
290498,36.106172,-86.601353,EMS & Rescue,Moderate,2022-01-03 04:53:16,Nine
290499,36.057448,-86.718789,EMS & Rescue,Moderate,2022-01-03 05:04:48,Nine
290500,36.144296,-86.747917,EMS & Rescue,Low,2022-01-03 05:08:16,Nine
290501,36.178564,-86.796634,False Alarm False Call,Low,2022-01-03 05:10:00,ThreeF
290502,36.216826,-86.631966,EMS & Rescue,Low,2022-01-03 05:25:00,Nine
290503,36.240495,-86.606408,EMS & Rescue,Moderate,2022-01-03 05:28:53,Nine
290504,36.214276,-86.84128,Service Call,Low,2022-01-03 05:27:00,Five
290505,36.193403,-86.727395,EMS & Rescue,Low,2022-01-03 05:39:00,Nine
290506,36.062227,-86.833917,False Alarm False Call,Low,2022-01-03 06:03:52,Five
290507,36.212387,-86.836755,EMS & Rescue,Moderate,2022-01-03 06:26:29,Nine
290508,36.228001,-86.795826,EMS & Rescue,Low,2022-01-03 06:26:00,Nine
290509,36.125938,-86.727851,EMS & Rescue,Low,2022-01-03 06:28:56,Nine
290510,36.067826,-86.581546,EMS & Rescue,Moderate,2022-01-03 06:32:00,Nine
290511,36.13035,-86.791017,EMS & Rescue,Moderate,2022-01-03 06:35:48,Nine
290512,36.241399,-86.705824,EMS & Rescue,Moderate,2022-01-03 06:34:00,Nine
290513,36.235561,-86.803004,EMS & Rescue,Low,2022-01-03 06:37:00,Nine
290514,36.110907,-86.884564,EMS & Rescue,Moderate,2022-01-03 07:00:00,Nine
290515,36.079626,-86.934746,EMS & Rescue,High,2022-01-03 07:03:00,Nine
290516,36.122783,-86.848322,EMS & Rescue,Low,2022-01-03 07:14:43,Nine
290517,36.121504,-86.71823,False Alarm False Call,Low,2022-01-03 07:17:39,Five
290518,36.152211,-86.842229,Good Intent Call,Low,2022-01-03 07:21:31,Five
290519,36.072797,-86.948037,Service Call,Low,2022-01-03 07:22:28,Five
290520,36.149867,-86.634595,EMS & Rescue,Moderate,2022-01-03 07:34:00,Nine
290521,36.084178,-86.715161,EMS & Rescue,Moderate,2022-01-03 07:33:00,Nine
290522,36.178596,-86.732227,False Alarm False Call,Low,2022-01-03 07:38:33,ThreeF
290523,36.151635,-86.649991,Service Call,Low,2022-01-03 07:38:51,Five
290524,36.287318,-86.710114,Fire,Moderate,2022-01-03 07:46:39,Two
290525,36.156758,-86.833412,EMS & Rescue,Moderate,2022-01-03 07:44:00,Nine
290526,36.139155,-86.631724,EMS & Rescue,Moderate,2022-01-03 07:52:17,Nine
290527,36.134914,-86.77001,EMS & Rescue,Low,2022-01-03 07:58:00,Nine
290528,36.137343,-86.706408,EMS & Rescue,Low,2022-01-03 07:58:00,Nine
290529,36.18531,-86.636506,EMS & Rescue,Low,2022-01-03 07:57:00,Nine
290530,36.155806,-86.872838,EMS & Rescue,Moderate,2022-01-03 07:58:00,Nine
290531,36.14498,-86.828058,EMS & Rescue,Moderate,2022-01-03 08:06:00,Nine
290532,36.130967,-86.722619,EMS & Rescue,Low,2022-01-03 08:08:42,Nine
290533,36.131337,-86.739665,False Alarm False Call,Low,2022-01-03 08:11:37,ThreeF
290534,36.142502,-86.7527,EMS & Rescue,Moderate,2022-01-03 08:15:02,Nine
290535,36.171734,-86.780764,EMS & Rescue,Low,2022-01-03 08:17:00,Nine
290536,36.164686,-86.662854,EMS & Rescue,Low,2022-01-03 08:18:00,Nine
290537,36.24868,-86.735,EMS & Rescue,Moderate,2022-01-03 08:20:32,Nine
290538,36.327659,-86.920062,EMS & Rescue,Low,2022-01-03 08:17:00,Nine
290539,36.153926,-86.802146,EMS & Rescue,Low,2022-01-03 08:22:00,Nine
290540,36.036791,-86.746537,EMS & Rescue,Low,2022-01-03 08:21:00,Nine
290541,36.167435,-86.821921,EMS & Rescue,Moderate,2022-01-03 08:29:28,Nine
290542,36.150813,-86.76164,EMS & Rescue,Moderate,2022-01-03 08:23:00,Nine
290543,36.094091,-86.65347,EMS & Rescue,Moderate,2022-01-03 08:32:00,Nine
290544,36.115959,-86.773699,EMS & Rescue,Low,2022-01-03 08:37:50,Nine
290545,36.141497,-86.873416,EMS & Rescue,Low,2022-01-03 08:35:00,Nine
290546,36.212687,-86.847271,Service Call,Low,2022-01-03 08:39:56,Five
290547,36.110801,-86.736026,EMS & Rescue,Moderate,2022-01-03 08:38:00,Nine
290548,36.05184,-86.649603,EMS & Rescue,Moderate,2022-01-03 08:40:00,Nine
290549,36.158813,-86.828319,EMS & Rescue,Moderate,2022-01-03 08:41:00,Nine
290550,36.278924,-86.670232,False Alarm False Call,Low,2022-01-03 08:43:50,ThreeF
290551,36.063478,-86.583863,Service Call,Moderate,2022-01-03 08:43:00,Five
290552,36.131337,-86.739665,False Alarm False Call,Low,2022-01-03 08:55:47,ThreeF
290553,36.19856,-86.611131,Hazardous Condition,Low,2022-01-03 09:01:00,ThreeB
290554,36.19856,-86.611131,EMS & Rescue,Moderate,2022-01-03 09:07:00,Nine
290555,36.251196,-86.716692,EMS & Rescue,Moderate,2022-01-03 09:16:00,Nine
290556,36.278924,-86.670232,False Alarm False Call,Low,2022-01-03 09:23:32,ThreeF
290557,36.019223,-86.681363,False Alarm False Call,Low,2022-01-03 09:25:54,ThreeF
290558,36.103904,-86.81514,False Alarm False Call,Low,2022-01-03 09:35:33,ThreeF
290559,36.165147,-86.834383,False Alarm False Call,Low,2022-01-03 09:36:44,ThreeF
290560,36.185439,-86.609139,EMS & Rescue,Low,2022-01-03 09:36:00,Nine
290561,36.32491,-86.692944,EMS & Rescue,Moderate,2022-01-03 09:41:06,Nine
290562,36.119659,-86.900412,EMS & Rescue,Low,2022-01-03 09:38:00,Nine
290563,36.123648,-86.801484,EMS & Rescue,Moderate,2022-01-03 09:32:00,Nine
290564,36.117551,-86.630719,EMS & Rescue,Moderate,2022-01-03 09:42:36,Nine
290565,36.08476,-86.946188,EMS & Rescue,High,2022-01-03 09:40:00,Nine
290566,36.074265,-86.658486,Good Intent Call,Low,2022-01-03 09:44:47,Five
290567,36.045364,-86.651443,EMS & Rescue,Moderate,2022-01-03 09:46:00,Nine
290568,36.161787,-86.661516,EMS & Rescue,Moderate,2022-01-03 09:48:00,Nine
290569,36.26021,-86.707,EMS & Rescue,Moderate,2022-01-03 09:53:09,Nine
290570,36.227513,-86.628037,EMS & Rescue,Low,2022-01-03 09:52:00,Nine
290571,36.156649,-86.867356,EMS & Rescue,Moderate,2022-01-03 09:54:00,Nine
290572,36.077287,-86.679599,EMS & Rescue,Low,2022-01-03 09:53:00,Nine
290573,36.225935,-86.848858,EMS & Rescue,Moderate,2022-01-03 10:05:00,Nine
290574,36.242551,-86.736584,EMS & Rescue,Low,2022-01-03 10:06:00,Nine
290575,36.099984,-86.734139,EMS & Rescue,Low,2022-01-03 08:22:00,Nine
290576,36.108668,-86.76517,EMS & Rescue,Low,2022-01-03 10:12:46,Nine
290577,36.131337,-86.739665,False Alarm False Call,Low,2022-01-03 10:14:07,ThreeF
290578,36.075253,-86.62581,EMS & Rescue,Low,2022-01-03 10:17:40,Nine
290579,36.082752,-87.017932,EMS & Rescue,Moderate,2022-01-03 10:17:00,Nine
290580,36.141332,-86.624212,False Alarm False Call,Low,2022-01-03 10:24:03,ThreeF
290581,36.250868,-86.662536,EMS & Rescue,Low,2022-01-03 10:23:00,Nine
290582,36.290573,-86.704861,EMS & Rescue,Low,2022-01-03 10:30:32,Nine
290583,36.124618,-86.789881,EMS & Rescue,Moderate,2022-01-03 10:28:00,Nine
290584,36.216419,-86.626881,EMS & Rescue,High,2022-01-03 10:36:00,Nine
290585,36.067649,-86.730693,EMS & Rescue,Moderate,2022-01-03 10:39:54,Nine
290586,36.121496,-86.726929,EMS & Rescue,Low,2022-01-03 10:49:00,Nine
290587,36.151068,-86.78161,False Alarm False Call,Low,2022-01-03 10:52:24,ThreeF
290588,36.111299,-86.672829,False Alarm False Call,Low,2022-01-03 10:54:00,ThreeF
290589,36.115688,-86.696585,Hazardous Condition,Low,2022-01-03 10:56:00,Eighteen
290590,36.117536,-86.841988,EMS & Rescue,Moderate,2022-01-03 10:58:00,Nine
290591,36.290676,-86.739373,False Alarm False Call,Low,2022-01-03 11:03:00,ThreeF
290592,36.216002,-86.738023,EMS & Rescue,Low,2022-01-03 11:02:00,Nine
290593,36.153055,-86.836804,EMS & Rescue,Low,2022-01-03 11:08:34,Nine
290594,36.111617,-86.695842,EMS & Rescue,Low,2022-01-03 11:16:21,Nine
290595,36.178784,-86.760499,EMS & Rescue,Low,2022-01-03 11:23:11,Nine
290596,36.08742,-86.625069,EMS & Rescue,Moderate,2022-01-03 11:21:00,Nine
290597,36.298925,-86.69244,EMS & Rescue,Moderate,2022-01-03 11:31:00,Nine
290598,36.307551,-86.67313,EMS & Rescue,Moderate,2022-01-03 11:31:00,Nine
290599,36.035617,-86.72942,EMS & Rescue,Low,2022-01-03 11:34:00,Nine
290600,36.135972,-86.828476,EMS & Rescue,Moderate,2022-01-03 11:40:00,Nine
290601,36.169546,-86.671608,EMS & Rescue,Low,2022-01-03 11:43:14,Nine
290602,36.163154,-86.789428,EMS & Rescue,Low,2022-01-03 11:49:04,Nine
290603,36.100647,-86.726304,EMS & Rescue,Low,2022-01-03 11:48:00,Nine
290604,36.291367,-86.787865,False Alarm False Call,Low,2022-01-03 11:51:50,ThreeF
290605,36.179435,-86.808679,EMS & Rescue,Moderate,2022-01-03 11:50:00,Nine
290606,36.229888,-86.761093,EMS & Rescue,Low,2022-01-03 11:52:00,Nine
290607,36.145924,-86.765894,EMS & Rescue,Low,2022-01-03 12:00:00,Nine
290608,36.078403,-86.710762,EMS & Rescue,Moderate,2022-01-03 12:02:00,Nine
290609,36.107203,-86.70407,Hazardous Condition,Low,2022-01-03 12:09:22,ThreeB
290610,36.251196,-86.716692,EMS & Rescue,Low,2022-01-03 12:11:00,Nine
290611,36.254992,-86.672701,EMS & Rescue,Moderate,2022-01-03 12:11:00,Nine
290612,36.19131,-86.903453,EMS & Rescue,Moderate,2022-01-03 12:15:49,Nine
290613,36.180081,-86.811045,EMS & Rescue,Low,2022-01-03 12:15:00,Nine
290614,36.293404,-86.694787,EMS & Rescue,Moderate,2022-01-03 12:17:00,Nine
290615,36.139193,-86.801485,False Alarm False Call,Low,2022-01-03 12:21:14,ThreeF
290616,36.169045,-86.611255,EMS & Rescue,Low,2022-01-03 12:26:02,Nine
290617,36.138431,-86.80214,EMS & Rescue,Low,2022-01-03 12:26:00,Nine
290618,36.141411,-86.78957,EMS & Rescue,Low,2022-01-03 12:25:00,Nine
290619,36.206977,-86.778913,EMS & Rescue,Low,2022-01-03 12:31:00,Nine
290620,36.19496,-86.833945,EMS & Rescue,Moderate,2022-01-03 12:38:00,Nine
290621,36.168864,-86.761243,EMS & Rescue,Moderate,2022-01-03 12:42:00,Nine
290622,36.160643,-86.684075,Service Call,Moderate,2022-01-03 12:42:00,Five
290623,36.25757,-86.702816,EMS & Rescue,Moderate,2022-01-03 12:44:00,Nine
290624,36.038757,-86.668979,EMS & Rescue,Moderate,2022-01-03 12:47:00,Nine
290625,36.083054,-86.713547,EMS & Rescue,Moderate,2022-01-03 12:52:00,Nine
290626,36.19809,-86.826029,EMS & Rescue,Moderate,2022-01-03 13:01:35,Nine
290627,36.153521,-86.777511,EMS & Rescue,Low,2022-01-03 13:03:48,Nine
290628,36.006065,-86.631171,EMS & Rescue,Moderate,2022-01-03 13:05:51,Nine
290629,36.267867,-86.695975,False Alarm False Call,Low,2022-01-03 13:07:17,ThreeF
290630,36.110907,-86.884564,EMS & Rescue,Low,2022-01-03 13:13:00,Nine
290631,36.03787,-86.708907,EMS & Rescue,Moderate,2022-01-03 13:18:44,Nine
290632,36.142455,-86.800401,False Alarm False Call,Low,2022-01-03 13:21:57,ThreeF
290633,36.151068,-86.78161,False Alarm False Call,Low,2022-01-03 13:25:13,ThreeF
290634,36.048115,-86.705907,EMS & Rescue,Moderate,2022-01-03 13:24:00,Nine
290635,36.200034,-86.615378,Hazardous Condition,Low,2022-01-03 13:34:06,Five
290636,36.137153,-86.88087,Service Call,Low,2022-01-03 13:38:18,Five
290637,36.162327,-86.5871,EMS & Rescue,Low,2022-01-03 13:39:19,Nine
290638,36.224341,-86.599868,EMS & Rescue,Low,2022-01-03 13:37:00,Nine
290639,36.188654,-86.818134,EMS & Rescue,Moderate,2022-01-03 13:42:00,Nine
290640,36.307262,-86.718339,EMS & Rescue,Moderate,2022-01-03 13:47:58,Nine
290641,36.091584,-86.731639,EMS & Rescue,Moderate,2022-01-03 13:46:00,Nine
290642,36.322106,-86.70221,EMS & Rescue,Moderate,2022-01-03 13:49:46,Nine
290643,36.16643,-86.781516,EMS & Rescue,Low,2022-01-03 13:51:38,Nine
290644,36.193666,-86.831222,EMS & Rescue,Moderate,2022-01-03 13:33:00,Nine
290645,36.130948,-86.754299,Fire,Low,2022-01-03 13:55:00,Four
290646,36.073866,-86.664635,EMS & Rescue,Low,2022-01-03 14:00:00,Nine
290647,36.212106,-86.712594,EMS & Rescue,Moderate,2022-01-03 14:02:00,Nine
290648,36.23297,-86.736881,EMS & Rescue,Low,2022-01-03 14:07:24,Nine
290649,36.185849,-86.798343,EMS & Rescue,Low,2022-01-03 14:04:00,Nine
290650,36.169458,-86.760715,EMS & Rescue,Low,2022-01-03 14:03:00,Nine
290651,36.181807,-86.821576,EMS & Rescue,Moderate,2022-01-03 14:10:18,Nine
290652,36.238432,-86.802243,EMS & Rescue,Low,2022-01-03 14:09:00,Nine
290653,36.159072,-86.623689,EMS & Rescue,Low,2022-01-03 14:15:06,Nine
290654,36.21034,-86.932512,Fire,High,2022-01-03 14:10:00,Two
290655,36.267867,-86.695975,Hazardous Condition,High,2022-01-03 14:19:40,Five
290656,36.193855,-86.759166,EMS & Rescue,Low,2022-01-03 14:22:29,Nine
290657,36.077934,-86.730648,False Alarm False Call,Critical,2022-01-03 14:22:49,ThreeF
290658,36.267867,-86.695975,Service Call,Low,2022-01-03 14:30:38,Five
290659,36.15453,-86.780397,EMS & Rescue,Low,2022-01-03 14:32:00,Nine
290660,36.181728,-86.771797,EMS & Rescue,Moderate,2022-01-03 14:34:10,Nine
290661,36.262021,-86.734671,EMS & Rescue,Moderate,2022-01-03 14:32:00,Nine
290662,36.285177,-86.692639,EMS & Rescue,Low,2022-01-03 14:35:27,Nine
290663,36.126949,-86.818993,EMS & Rescue,Low,2022-01-03 14:36:23,Nine
290664,36.046405,-86.715117,EMS & Rescue,Moderate,2022-01-03 14:38:00,Nine
290665,36.201504,-86.787433,EMS & Rescue,Low,2022-01-03 14:43:31,Nine
290666,36.151068,-86.78161,False Alarm False Call,Low,2022-01-03 14:44:34,ThreeF
290667,36.109932,-86.753121,EMS & Rescue,Low,2022-01-03 14:46:40,Nine
290668,36.149135,-86.760189,EMS & Rescue,Moderate,2022-01-03 14:50:44,Nine
290669,36.057152,-86.701627,False Alarm False Call,Low,2022-01-03 14:53:00,Five
290670,36.079765,-86.74021,EMS & Rescue,Low,2022-01-03 14:56:00,Nine
290671,36.160414,-86.664398,Hazardous Condition,Low,2022-01-03 15:06:23,Five
290672,36.059775,-86.640124,EMS & Rescue,Moderate,2022-01-03 15:10:00,Nine
290673,36.093159,-86.820018,Service Call,Low,2022-01-03 15:25:46,Five
290674,36.0557,-86.745483,Service Call,Low,2022-01-03 15:31:44,Three
290675,36.189154,-86.593263,False Alarm False Call,Low,2022-01-03 15:34:28,ThreeF
290676,36.077711,-86.74327,EMS & Rescue,Low,2022-01-03 15:35:00,Nine
290677,36.12842,-86.851211,EMS & Rescue,Low,2022-01-03 15:32:00,Nine
290678,36.106218,-86.673067,EMS & Rescue,Low,2022-01-03 15:45:07,Nine
290679,36.084874,-86.701481,EMS & Rescue,Moderate,2022-01-03 15:45:00,Nine
290680,36.16643,-86.781516,EMS & Rescue,Low,2022-01-03 15:57:47,Nine
290681,36.051982,-86.740068,EMS & Rescue,Low,2022-01-03 15:59:23,Nine
290682,36.205839,-86.771616,EMS & Rescue,Low,2022-01-03 16:00:00,Nine
290683,36.147607,-86.836137,Service Call,Moderate,2022-01-03 16:12:00,Five
290684,36.193018,-86.860681,EMS & Rescue,Low,2022-01-03 16:21:38,Nine
290685,36.252778,-86.679548,EMS & Rescue,Moderate,2022-01-03 16:26:00,Nine
290686,36.205934,-86.610037,EMS & Rescue,Low,2022-01-03 16:27:00,Nine
290687,36.082732,-86.89789,EMS & Rescue,Moderate,2022-01-03 16:36:00,Nine
290688,36.316962,-86.834603,EMS & Rescue,Low,2022-01-03 16:34:00,Nine
290689,36.156072,-86.804202,EMS & Rescue,Low,2022-01-03 16:36:00,Nine
290690,36.258548,-86.65913,EMS & Rescue,Low,2022-01-03 16:41:00,Nine
290691,36.194787,-86.789102,EMS & Rescue,Low,2022-01-03 16:41:06,Nine
290692,36.101249,-86.7161,EMS & Rescue,Low,2022-01-03 16:45:00,Nine
290693,36.173396,-86.600431,EMS & Rescue,Low,2022-01-03 16:51:23,Nine
290694,36.268099,-86.698794,EMS & Rescue,Moderate,2022-01-03 16:53:26,Nine
290695,36.031674,-86.746319,False Alarm False Call,Low,2022-01-03 16:56:42,ThreeF
290696,36.082652,-86.944956,EMS & Rescue,High,2022-01-03 16:55:00,Nine
290697,36.113077,-86.697351,EMS & Rescue,Low,2022-01-03 16:56:00,Nine
290698,36.160621,-86.797583,Hazardous Condition,Low,2022-01-03 16:55:00,Five
290699,36.238507,-86.813291,EMS & Rescue,Low,2022-01-03 17:03:08,Nine
290700,36.204565,-86.786708,EMS & Rescue,Moderate,2022-01-03 17:01:00,Nine
290701,36.182352,-86.803457,EMS & Rescue,Low,2022-01-03 17:04:07,Nine
290702,36.307262,-86.718339,EMS & Rescue,Moderate,2022-01-03 17:07:58,Nine
290703,36.254418,-86.775884,EMS & Rescue,Low,2022-01-03 17:12:00,Nine
290704,36.260921,-86.757293,False Alarm False Call,Low,2022-01-03 17:22:18,ThreeF
290705,36.065501,-86.646757,EMS & Rescue,Moderate,2022-01-03 17:25:48,Nine
290706,36.110568,-86.740737,EMS & Rescue,Low,2022-01-03 17:23:00,Nine
290707,36.16265,-86.781173,False Alarm False Call,Low,2022-01-03 17:27:36,ThreeF
290708,36.163154,-86.789428,EMS & Rescue,Low,2022-01-03 17:33:23,Nine
290709,36.144903,-86.644271,Hazardous Condition,Low,2022-01-03 17:34:59,Five
290710,36.18764,-86.753968,EMS & Rescue,Moderate,2022-01-03 17:16:00,Nine
290711,36.172075,-86.600122,EMS & Rescue,Low,2022-01-03 17:37:00,Nine
290712,36.171781,-86.805453,EMS & Rescue,Low,2022-01-03 17:42:00,Nine
290713,36.166326,-86.764573,EMS & Rescue,Moderate,2022-01-03 17:52:44,Nine
290714,36.198342,-86.749348,Fire,High,2022-01-03 17:54:00,Four
290715,36.058216,-86.82547,EMS & Rescue,High,2022-01-03 17:56:00,Nine
290716,36.238894,-86.799691,EMS & Rescue,Moderate,2022-01-03 18:02:00,Nine
290717,36.173064,-86.722188,EMS & Rescue,Moderate,2022-01-03 18:03:00,Nine
290718,36.207889,-86.760915,EMS & Rescue,Low,2022-01-03 18:15:00,Nine
290719,36.243961,-86.717767,Service Call,Low,2022-01-03 18:18:00,Five
290720,36.135701,-86.795771,EMS & Rescue,Low,2022-01-03 18:30:44,Nine
290721,36.20119,-86.758615,EMS & Rescue,Moderate,2022-01-03 18:30:00,Nine
290722,36.153521,-86.777511,EMS & Rescue,Low,2022-01-03 18:35:17,Nine
290723,36.226288,-86.793513,EMS & Rescue,Low,2022-01-03 18:34:00,Nine
290724,36.035797,-86.965876,EMS & Rescue,High,2022-01-03 18:33:00,Nine
290725,36.151343,-86.681786,EMS & Rescue,Low,2022-01-03 18:42:10,Nine
290726,36.243961,-86.717767,False Alarm False Call,Low,2022-01-03 18:50:25,ThreeF
290727,36.258801,-86.659097,EMS & Rescue,Moderate,2022-01-03 18:49:00,Nine
290728,36.175916,-86.794113,EMS & Rescue,Low,2022-01-03 18:54:29,Nine
290729,36.060135,-86.9734,EMS & Rescue,High,2022-01-03 19:00:00,Nine
290730,36.251394,-86.726254,EMS & Rescue,Moderate,2022-01-03 19:08:37,Nine
290731,36.241846,-86.768799,EMS & Rescue,Low,2022-01-03 19:11:00,Nine
290732,36.153521,-86.777511,EMS & Rescue,Low,2022-01-03 19:28:10,Nine
290733,36.180133,-86.80319,EMS & Rescue,Moderate,2022-01-03 19:29:58,Nine
290734,36.038905,-86.668229,Hazardous Condition,Low,2022-01-03 19:26:00,Four
290735,36.126883,-86.905465,Hazardous Condition,Low,2022-01-03 19:30:00,ThreeB
290736,36.305244,-86.678923,EMS & Rescue,Moderate,2022-01-03 19:43:03,Nine
290737,36.169876,-86.723083,EMS & Rescue,Moderate,2022-01-03 19:51:29,Nine
290738,36.11405,-86.795814,Fire,Low,2022-01-03 19:59:24,Four
290739,36.192342,-86.626068,EMS & Rescue,Low,2022-01-03 19:59:00,Nine
290740,36.15309,-86.828024,Service Call,Low,2022-01-03 20:07:55,Five
290741,36.055866,-86.716162,EMS & Rescue,Moderate,2022-01-03 20:06:00,Nine
290742,36.13264,-86.895232,EMS & Rescue,Low,2022-01-03 20:13:00,Nine
290743,36.214687,-86.722732,EMS & Rescue,Low,2022-01-03 20:15:07,Nine
290744,36.321239,-86.703414,EMS & Rescue,Low,2022-01-03 20:23:54,Nine
290745,36.00551,-86.686204,EMS & Rescue,Moderate,2022-01-03 20:25:00,Nine
290746,36.098146,-86.919467,Service Call,Low,2022-01-03 20:24:00,Five
290747,36.152823,-86.842586,EMS & Rescue,Low,2022-01-03 20:30:00,Nine
290748,36.08311,-86.713621,EMS & Rescue,Moderate,2022-01-03 20:31:00,Nine
290749,36.049491,-86.715661,EMS & Rescue,Low,2022-01-03 20:39:20,Nine
290750,36.164752,-86.77928,EMS & Rescue,Low,2022-01-03 20:43:00,Nine
290751,36.101878,-86.935693,False Alarm False Call,Low,2022-01-03 20:55:11,ThreeF
290752,36.093352,-86.638845,EMS & Rescue,High,2022-01-03 20:56:00,Nine
290753,36.161077,-86.681582,EMS & Rescue,Low,2022-01-03 21:01:56,Nine
290754,36.184689,-86.73624,Service Call,Low,2022-01-03 21:02:00,Five
290755,36.153683,-86.77092,EMS & Rescue,Moderate,2022-01-03 21:04:41,Nine
290756,36.245687,-86.777182,EMS & Rescue,Low,2022-01-03 21:06:00,Nine
290757,36.220712,-86.824069,EMS & Rescue,Moderate,2022-01-03 21:08:33,Nine
290758,36.082858,-86.581193,Good Intent Call,Low,2022-01-03 21:16:03,ThreeB
290759,36.230899,-86.77213,EMS & Rescue,Low,2022-01-03 21:15:00,Nine
290760,36.249884,-86.712825,EMS & Rescue,Moderate,2022-01-03 21:16:00,Nine
290761,36.047558,-86.655938,EMS & Rescue,Low,2022-01-03 21:21:34,Nine
290762,36.130462,-86.901393,EMS & Rescue,Low,2022-01-03 21:33:20,Nine
290763,36.179846,-86.811471,EMS & Rescue,Moderate,2022-01-03 21:30:00,Nine
290764,36.065506,-86.630546,False Alarm False Call,Low,2022-01-03 21:36:12,ThreeF
290765,35.985426,-86.622078,False Alarm False Call,Low,2022-01-03 21:37:55,ThreeF
290766,36.175538,-86.615912,EMS & Rescue,Low,2022-01-03 21:38:00,Nine
290767,36.140237,-86.817704,Hazardous Condition,Low,2022-01-03 21:39:41,Five
290768,36.167981,-86.779453,EMS & Rescue,Low,2022-01-03 21:40:57,Nine
290769,36.152101,-86.778567,EMS & Rescue,Low,2022-01-03 21:43:12,Nine
290770,36.073811,-86.897578,EMS & Rescue,High,2022-01-03 21:42:00,Nine
290771,36.04603,-86.657939,EMS & Rescue,Moderate,2022-01-03 21:41:00,Nine
290772,36.151654,-86.784075,EMS & Rescue,Moderate,2022-01-03 21:49:00,Nine
290773,36.289072,-86.710045,EMS & Rescue,Moderate,2022-01-03 21:52:04,Nine
290774,36.174576,-86.806355,EMS & Rescue,Moderate,2022-01-03 22:31:00,Nine
290775,36.138294,-86.726777,EMS & Rescue,Low,2022-01-03 22:40:06,Nine
290776,36.261402,-86.734466,EMS & Rescue,Moderate,2022-01-03 22:41:54,Nine
290777,35.985426,-86.622078,False Alarm False Call,Low,2022-01-03 22:44:12,ThreeF
290778,36.196297,-86.608535,EMS & Rescue,Low,2022-01-03 22:59:20,Nine
290779,36.177407,-86.811014,EMS & Rescue,Moderate,2022-01-03 23:12:00,Nine
290780,36.243904,-86.756585,EMS & Rescue,Low,2022-01-03 23:14:18,Nine
290781,36.265659,-86.700688,EMS & Rescue,Moderate,2022-01-03 23:18:21,Nine
290782,36.265136,-86.666029,Hazardous Condition,Low,2022-01-03 23:33:35,ThreeB
290783,36.134717,-86.722317,EMS & Rescue,Low,2022-01-03 23:42:54,Nine
290784,36.115621,-86.746683,EMS & Rescue,Low,2022-01-03 23:49:22,Nine
290785,36.22281,-86.84579,EMS & Rescue,Moderate,2022-01-03 23:50:54,Nine
290786,36.082574,-86.949788,EMS & Rescue,Moderate,2022-01-03 23:49:00,Nine
290787,36.139461,-86.785945,EMS & Rescue,Low,2022-01-04 00:15:03,Nine
290788,36.173145,-86.804455,EMS & Rescue,Moderate,2022-01-04 00:23:13,Nine
290789,36.151054,-86.762766,EMS & Rescue,Low,2022-01-04 00:39:42,Nine
290790,36.319501,-86.695447,EMS & Rescue,Moderate,2022-01-04 01:01:01,Nine
290791,36.101172,-86.702623,EMS & Rescue,Low,2022-01-04 01:04:27,Nine
290792,36.153055,-86.836804,False Alarm False Call,Low,2022-01-04 01:05:16,ThreeF
290793,36.066432,-86.949406,EMS & Rescue,High,2022-01-04 01:09:34,Nine
290794,36.108668,-86.76517,EMS & Rescue,Low,2022-01-04 01:13:30,Nine
290795,36.196984,-86.771231,EMS & Rescue,Low,2022-01-04 01:21:48,Nine
290796,36.111274,-86.751313,EMS & Rescue,Low,2022-01-04 01:27:00,Nine
290797,36.235025,-86.794585,EMS & Rescue,Moderate,2022-01-04 01:32:53,Nine
290798,36.110924,-86.910371,EMS & Rescue,Low,2022-01-04 01:54:39,Nine
290799,36.138122,-86.820005,False Alarm False Call,Low,2022-01-04 02:00:32,ThreeF
290800,36.140198,-86.789238,EMS & Rescue,Low,2022-01-04 01:59:00,Nine
290801,36.300332,-86.690531,EMS & Rescue,Moderate,2022-01-04 02:48:00,Nine
290802,36.234823,-86.781867,EMS & Rescue,Low,2022-01-04 03:04:04,Nine
290803,36.159948,-86.777252,EMS & Rescue,Moderate,2022-01-04 03:06:39,Nine
290804,36.304291,-86.814958,Fire,High,2022-01-04 03:16:49,FourA
290805,36.101482,-86.727064,False Alarm False Call,Low,2022-01-04 03:24:08,Five
290806,36.068523,-86.575838,Service Call,Low,2022-01-04 03:38:08,Five
290807,36.153521,-86.777511,EMS & Rescue,Low,2022-01-04 03:39:00,Nine
290808,36.247415,-86.777103,EMS & Rescue,Low,2022-01-04 03:47:14,Nine
290809,36.325117,-86.858387,EMS & Rescue,Low,2022-01-04 03:52:39,Nine
290810,36.093839,-86.682547,EMS & Rescue,Low,2022-01-04 03:53:59,Nine
290811,36.196984,-86.771231,EMS & Rescue,Low,2022-01-04 04:01:00,Nine
290812,36.160659,-86.779332,False Alarm False Call,Low,2022-01-04 04:08:33,ThreeF
290813,36.167981,-86.779453,EMS & Rescue,Low,2022-01-04 04:29:18,Nine
290814,36.101482,-86.727064,False Alarm False Call,Low,2022-01-04 04:43:17,ThreeF
290815,36.141938,-86.741728,EMS & Rescue,Moderate,2022-01-04 05:07:00,Nine
290816,36.052564,-86.66144,EMS & Rescue,Moderate,2022-01-04 05:14:11,Nine
290817,36.119829,-86.729316,EMS & Rescue,Low,2022-01-04 05:14:00,Nine
290818,36.153055,-86.836804,False Alarm False Call,Low,2022-01-04 05:18:54,ThreeF
290819,36.089574,-86.642694,EMS & Rescue,Low,2022-01-04 05:32:00,Nine
290820,36.151167,-86.683592,EMS & Rescue,Moderate,2022-01-04 05:57:00,Nine
290821,36.114772,-86.768375,EMS & Rescue,Low,2022-01-04 06:01:51,Nine
290822,36.153055,-86.836804,False Alarm False Call,Low,2022-01-04 06:05:01,ThreeF
290823,36.067769,-86.701501,EMS & Rescue,Moderate,2022-01-04 06:06:10,Nine
290824,36.181336,-86.838139,EMS & Rescue,Moderate,2022-01-04 06:07:13,Nine
290825,36.234511,-86.746315,EMS & Rescue,Moderate,2022-01-04 06:18:00,Nine
290826,36.157649,-86.784036,EMS & Rescue,Low,2022-01-04 06:22:32,Nine
290827,36.104111,-86.837569,Service Call,Moderate,2022-01-04 06:20:00,Five
290828,36.097518,-86.802726,EMS & Rescue,High,2022-01-04 06:32:02,Nine
290829,36.15198,-86.848579,EMS & Rescue,Moderate,2022-01-04 06:50:14,Nine
290830,36.200099,-86.800123,False Alarm False Call,Low,2022-01-04 06:53:06,ThreeF
290831,36.124757,-86.705117,Service Call,Low,2022-01-04 06:55:00,ThreeB
290832,36.154517,-86.794326,False Alarm False Call,Low,2022-01-04 07:02:19,ThreeF
290833,36.268877,-86.756608,EMS & Rescue,Low,2022-01-04 07:12:00,Nine
290834,36.324497,-86.6931,EMS & Rescue,Moderate,2022-01-04 07:20:26,Nine
290835,36.193086,-86.809826,EMS & Rescue,Moderate,2022-01-04 07:21:08,Nine
290836,36.178932,-86.766195,EMS & Rescue,Low,2022-01-04 07:28:00,Nine
290837,36.349846,-86.757267,EMS & Rescue,Moderate,2022-01-04 07:29:00,Nine
290838,36.177071,-86.720415,EMS & Rescue,Moderate,2022-01-04 07:40:20,Nine
290839,36.145033,-86.863177,EMS & Rescue,Low,2022-01-04 07:40:29,Nine
290840,36.21868,-86.762459,EMS & Rescue,Low,2022-01-04 07:38:00,Nine
290841,36.066879,-86.826283,False Alarm False Call,Low,2022-01-04 07:41:45,Sixteen
290842,36.141252,-86.731319,EMS & Rescue,Low,2022-01-04 07:46:31,Nine
290843,36.021168,-86.710017,False Alarm False Call,Low,2022-01-04 07:46:44,ThreeF
290844,36.367611,-86.731917,EMS & Rescue,Moderate,2022-01-04 07:49:30,Nine
290845,36.091531,-86.879391,Service Call,Moderate,2022-01-04 07:50:00,Five
290846,36.117459,-86.806793,EMS & Rescue,Low,2022-01-04 07:55:59,Nine
290847,36.123056,-86.751197,EMS & Rescue,Low,2022-01-04 07:59:53,Nine
290848,36.16328,-86.750591,Hazardous Condition,Low,2022-01-04 08:01:11,ThreeB
290849,36.16541,-86.816055,EMS & Rescue,Low,2022-01-04 08:02:00,Nine
290850,36.274153,-86.698255,EMS & Rescue,Low,2022-01-04 08:03:00,Nine
290851,36.213528,-86.763126,EMS & Rescue,Low,2022-01-04 08:17:40,Nine
290852,36.268099,-86.698794,EMS & Rescue,Moderate,2022-01-04 08:19:20,Nine
290853,36.166398,-86.805109,False Alarm False Call,Low,2022-01-04 08:24:07,ThreeF
290854,36.181553,-86.849121,EMS & Rescue,Moderate,2022-01-04 08:31:04,Nine
290855,36.1971,-86.773635,EMS & Rescue,Low,2022-01-04 08:40:07,Nine
290856,36.161595,-86.80474,False Alarm False Call,Low,2022-01-04 08:40:29,ThreeF
290857,36.151255,-86.633061,EMS & Rescue,Moderate,2022-01-04 08:46:00,Nine
290858,36.148215,-86.857107,EMS & Rescue,Low,2022-01-04 09:01:00,Nine
290859,36.047296,-86.74022,EMS & Rescue,Low,2022-01-04 09:06:00,Nine
290860,36.141077,-86.79513,False Alarm False Call,Low,2022-01-04 09:11:08,ThreeF
290861,36.15625,-86.83192,EMS & Rescue,Low,2022-01-04 09:12:16,Nine
290862,36.174048,-86.719446,EMS & Rescue,Moderate,2022-01-04 09:19:00,Nine
290863,36.196991,-86.723675,EMS & Rescue,Low,2022-01-04 08:11:00,Nine
290864,36.08154,-86.839454,Service Call,Moderate,2022-01-04 09:24:09,Nine
290865,35.995175,-86.685579,EMS & Rescue,Low,2022-01-04 09:26:19,Nine
290866,36.162138,-86.782824,EMS & Rescue,Moderate,2022-01-04 09:33:16,Nine
290867,36.078248,-86.696694,False Alarm False Call,Low,2022-01-04 09:35:44,ThreeF
290868,36.139525,-86.704074,EMS & Rescue,Moderate,2022-01-04 09:39:30,Nine
290869,36.322322,-86.70618,EMS & Rescue,Moderate,2022-01-04 09:42:00,Nine
290870,36.150061,-86.800096,False Alarm False Call,Low,2022-01-04 09:44:35,ThreeF
290871,36.235652,-86.790667,EMS & Rescue,Low,2022-01-04 09:46:35,Nine
290872,36.217714,-86.790653,EMS & Rescue,Moderate,2022-01-04 09:47:00,Nine
290873,36.088388,-86.685775,EMS & Rescue,Low,2022-01-04 09:56:11,Nine
290874,36.042069,-86.764624,EMS & Rescue,Low,2022-01-04 09:59:15,Nine
290875,36.240076,-86.766711,EMS & Rescue,Low,2022-01-04 09:56:00,Nine
290876,36.233465,-86.697762,EMS & Rescue,Low,2022-01-04 10:01:16,Nine
290877,36.147943,-86.870979,EMS & Rescue,Low,2022-01-04 10:06:29,Nine
290878,36.058499,-86.689451,EMS & Rescue,Moderate,2022-01-04 10:05:00,Nine
290879,36.136169,-86.788673,EMS & Rescue,Moderate,2022-01-04 10:08:55,Nine
290880,36.215159,-86.754404,Service Call,Low,2022-01-04 10:09:02,Five
290881,36.13145,-86.767154,EMS & Rescue,Low,2022-01-04 10:15:58,Nine
290882,36.07592,-86.643014,EMS & Rescue,Moderate,2022-01-04 10:13:00,Nine
290883,36.134453,-86.638674,EMS & Rescue,Moderate,2022-01-04 10:15:00,Nine
290884,36.179199,-86.7965,EMS & Rescue,Moderate,2022-01-04 10:28:00,Nine
290885,36.156253,-86.88578,EMS & Rescue,Low,2022-01-04 10:31:39,Nine
290886,36.049742,-86.647424,EMS & Rescue,Moderate,2022-01-04 10:33:00,Nine
290887,36.168888,-86.771425,False Alarm False Call,Low,2022-01-04 10:38:33,ThreeF
290888,36.195239,-86.711351,EMS & Rescue,Low,2022-01-04 10:37:00,Nine
290889,36.068275,-86.649595,Hazardous Condition,Low,2022-01-04 10:44:29,Five
290890,36.156209,-86.78749,EMS & Rescue,Moderate,2022-01-04 10:51:00,Nine
290891,36.263968,-86.658881,EMS & Rescue,Low,2022-01-04 10:54:11,Nine
290892,36.10587,-86.763549,EMS & Rescue,Moderate,2022-01-04 10:55:00,Nine
290893,36.278554,-86.77158,Hazardous Condition,Low,2022-01-04 10:55:00,Five
290894,36.12842,-86.851211,EMS & Rescue,Moderate,2022-01-04 10:55:00,Nine
290895,36.141475,-86.807064,EMS & Rescue,Low,2022-01-04 10:59:00,Nine
290896,36.207388,-86.606901,EMS & Rescue,High,2022-01-04 11:06:00,Nine
290897,36.073079,-86.971479,EMS & Rescue,Low,2022-01-04 11:13:32,Nine
290898,36.183509,-86.845761,EMS & Rescue,Moderate,2022-01-04 11:12:00,Nine
290899,36.135756,-86.787771,EMS & Rescue,Moderate,2022-01-04 11:12:00,Nine
290900,36.161695,-86.800592,False Alarm False Call,Low,2022-01-04 11:15:52,ThreeF
290901,36.045975,-86.701977,Service Call,Low,2022-01-04 11:17:11,Five
290902,36.243961,-86.717767,EMS & Rescue,Low,2022-01-04 11:27:56,Nine
290903,36.10301,-86.739562,EMS & Rescue,Low,2022-01-04 11:27:00,Nine
290904,36.233542,-86.766398,EMS & Rescue,Low,2022-01-04 11:31:43,Nine
290905,36.22271,-86.823103,EMS & Rescue,Low,2022-01-04 11:35:00,Nine
290906,36.191811,-86.632464,EMS & Rescue,Moderate,2022-01-04 11:44:19,Nine
290907,36.234823,-86.781867,EMS & Rescue,Low,2022-01-04 11:44:47,Three
290908,36.174768,-86.601607,EMS & Rescue,High,2022-01-04 11:58:38,Nine
290909,36.25488,-86.710872,EMS & Rescue,Moderate,2022-01-04 11:56:00,Nine
290910,36.048646,-86.659905,EMS & Rescue,Low,2022-01-04 11:58:00,Nine
290911,36.309089,-86.884898,EMS & Rescue,Low,2022-01-04 11:59:00,Nine
290912,36.282068,-86.704365,EMS & Rescue,Low,2022-01-04 12:00:00,Nine
290913,36.205114,-86.7692,EMS & Rescue,Moderate,2022-01-04 12:01:00,Nine
290914,36.12842,-86.851211,EMS & Rescue,Moderate,2022-01-04 12:05:45,Nine
290915,36.076165,-86.913643,EMS & Rescue,Low,2022-01-04 12:03:00,Nine
290916,36.162078,-86.782985,False Alarm False Call,Low,2022-01-04 12:08:47,ThreeF
290917,36.157377,-86.77972,EMS & Rescue,Moderate,2022-01-04 12:16:00,Nine
290918,36.251107,-86.71041,EMS & Rescue,Moderate,2022-01-04 12:25:00,Nine
290919,36.213279,-86.762981,EMS & Rescue,Low,2022-01-04 12:28:00,Nine
290920,36.209971,-86.597098,EMS & Rescue,High,2022-01-04 12:31:00,Nine
290921,36.089573,-86.88852,EMS & Rescue,Low,2022-01-04 12:30:00,Nine
290922,36.280063,-86.749125,EMS & Rescue,Low,2022-01-04 12:36:00,Nine
290923,36.11321,-86.832034,Service Call,Low,2022-01-04 12:41:47,Five
290924,36.256585,-86.704058,EMS & Rescue,Low,2022-01-04 12:38:00,Nine
290925,36.150475,-86.802169,EMS & Rescue,Low,2022-01-04 12:47:00,Nine
290926,36.152787,-86.770581,EMS & Rescue,Low,2022-01-04 12:49:00,Nine
290927,36.103863,-86.869165,EMS & Rescue,Moderate,2022-01-04 12:56:05,Nine
290928,36.270404,-86.698956,Hazardous Condition,Low,2022-01-04 13:00:54,Five
290929,36.180943,-86.844276,EMS & Rescue,Moderate,2022-01-04 13:02:36,Nine
290930,36.218729,-86.802317,EMS & Rescue,Low,2022-01-04 13:03:19,Nine
290931,36.067013,-86.736628,EMS & Rescue,Low,2022-01-04 13:09:03,Nine
290932,36.045357,-86.650657,EMS & Rescue,Moderate,2022-01-04 13:12:00,Nine
290933,36.152813,-86.836854,False Alarm False Call,Low,2022-01-04 13:18:43,ThreeF
290934,36.12804,-86.841476,EMS & Rescue,Low,2022-01-04 13:19:56,Nine
290935,36.046058,-86.653137,EMS & Rescue,Moderate,2022-01-04 13:22:21,Nine
290936,36.157538,-86.681383,Fire,Low,2022-01-04 13:24:49,Two
290937,36.263968,-86.658881,EMS & Rescue,Low,2022-01-04 13:23:00,Nine
290938,36.159063,-86.817403,EMS & Rescue,Low,2022-01-04 13:23:00,Nine
290939,36.072126,-86.926894,EMS & Rescue,Moderate,2022-01-04 13:34:49,Nine
290940,36.191964,-86.606442,Service Call,Moderate,2022-01-04 13:35:16,Five
290941,36.247635,-86.757388,EMS & Rescue,Low,2022-01-04 13:35:00,Nine
290942,36.171854,-86.871363,EMS & Rescue,Low,2022-01-04 13:40:03,Nine
290943,36.243898,-86.778648,EMS & Rescue,Low,2022-01-04 13:46:00,Nine
290944,36.131296,-86.712283,EMS & Rescue,Moderate,2022-01-04 13:42:00,Nine
290945,36.320634,-86.699356,EMS & Rescue,Moderate,2022-01-04 13:52:02,Nine
290946,36.272276,-86.70612,EMS & Rescue,Moderate,2022-01-04 13:56:00,Nine
290947,36.200099,-86.800123,False Alarm False Call,Low,2022-01-04 14:07:08,ThreeF
290948,36.263968,-86.658881,EMS & Rescue,Low,2022-01-04 14:06:00,Nine
290949,36.254434,-86.776889,Fire,High,2022-01-04 14:08:40,Two
290950,36.161788,-86.781648,EMS & Rescue,Moderate,2022-01-04 14:09:21,Nine
290951,36.213577,-86.846047,EMS & Rescue,Moderate,2022-01-04 14:12:20,Nine
290952,36.162002,-86.886137,Fire,High,2022-01-04 14:13:06,FourB
290953,36.206533,-86.776708,EMS & Rescue,Low,2022-01-04 13:49:00,Nine
290954,36.17585,-86.751914,EMS & Rescue,Moderate,2022-01-04 14:21:00,Nine
290955,36.186849,-86.820836,False Alarm False Call,Low,2022-01-04 14:23:55,ThreeF
290956,36.092415,-86.881627,Service Call,Moderate,2022-01-04 14:24:42,Five
290957,36.156849,-86.806042,EMS & Rescue,Low,2022-01-04 14:25:06,Nine
290958,36.143357,-86.744796,Hazardous Condition,Low,2022-01-04 14:26:00,Five
290959,36.238079,-86.786341,EMS & Rescue,Low,2022-01-04 14:33:00,Nine
290960,36.186996,-86.749607,EMS & Rescue,Low,2022-01-04 14:34:00,Nine
290961,36.208669,-86.686135,EMS & Rescue,Moderate,2022-01-04 14:39:50,Nine
290962,36.218451,-86.807347,EMS & Rescue,Moderate,2022-01-04 14:39:53,Nine
290963,36.164959,-86.808964,EMS & Rescue,Low,2022-01-04 14:40:02,Nine
290964,36.20771,-86.778309,EMS & Rescue,Low,2022-01-04 14:36:00,Nine
290965,36.150768,-86.781358,False Alarm False Call,Low,2022-01-04 14:45:45,ThreeF
290966,36.153521,-86.777511,EMS & Rescue,Low,2022-01-04 14:50:17,Nine
290967,36.176114,-86.752618,EMS & Rescue,Moderate,2022-01-04 14:53:47,Nine
290968,36.136611,-86.801512,EMS & Rescue,Low,2022-01-04 14:53:00,Nine
290969,36.162805,-86.628527,EMS & Rescue,Moderate,2022-01-04 14:54:00,Nine
290970,36.084829,-86.701034,EMS & Rescue,Moderate,2022-01-04 14:55:00,Nine
290971,36.131384,-86.770628,EMS & Rescue,Moderate,2022-01-04 14:58:00,Nine
290972,36.265659,-86.700688,EMS & Rescue,Low,2022-01-04 14:59:00,Nine
290973,36.129581,-86.714133,EMS & Rescue,Moderate,2022-01-04 15:02:00,Nine
290974,36.293404,-86.694787,EMS & Rescue,Moderate,2022-01-04 15:09:00,Nine
290975,36.153521,-86.777511,EMS & Rescue,Low,2022-01-04 15:10:16,Nine
290976,36.105451,-86.797857,EMS & Rescue,Moderate,2022-01-04 15:10:00,Nine
290977,36.154928,-86.801792,EMS & Rescue,Low,2022-01-04 15:16:45,Nine
290978,36.214276,-86.84128,EMS & Rescue,Moderate,2022-01-04 15:16:49,Nine
290979,36.263968,-86.658881,EMS & Rescue,Low,2022-01-04 15:17:00,Nine
290980,36.21139,-86.924653,EMS & Rescue,Low,2022-01-04 15:18:00,Nine
290981,36.060152,-86.726058,EMS & Rescue,Low,2022-01-04 15:20:00,Nine
290982,36.29156,-86.744957,EMS & Rescue,Moderate,2022-01-04 15:36:17,Nine
290983,36.109704,-86.671462,EMS & Rescue,Low,2022-01-04 15:38:00,Nine
290984,36.153713,-86.69021,EMS & Rescue,Low,2022-01-04 15:38:00,Nine
290985,36.109531,-86.720976,EMS & Rescue,Low,2022-01-04 15:43:00,Nine
290986,36.201852,-86.777397,EMS & Rescue,Low,2022-01-04 15:48:38,Nine
290987,36.152101,-86.778567,EMS & Rescue,Low,2022-01-04 15:50:02,Nine
290988,36.152101,-86.778567,EMS & Rescue,Low,2022-01-04 15:51:00,Nine
290989,36.245578,-86.720222,Good Intent Call,Low,2022-01-04 15:54:05,Nine
290990,36.046601,-86.953742,Hazardous Condition,Low,2022-01-04 15:57:04,ThreeB
290991,36.050781,-86.677502,EMS & Rescue,Low,2022-01-04 15:56:00,Nine
290992,36.234354,-86.801506,EMS & Rescue,Low,2022-01-04 15:58:00,Nine
290993,35.989897,-86.665262,EMS & Rescue,Low,2022-01-04 16:03:49,Nine
290994,36.170997,-86.793319,EMS & Rescue,Moderate,2022-01-04 16:06:00,Nine
290995,36.174967,-86.601621,EMS & Rescue,High,2022-01-04 16:17:00,Nine
290996,36.333838,-86.819735,EMS & Rescue,Low,2022-01-04 16:18:00,Nine
290997,36.276969,-86.706896,EMS & Rescue,Moderate,2022-01-04 16:25:06,Nine
290998,36.228958,-86.834365,EMS & Rescue,Moderate,2022-01-04 16:26:46,Nine
290999,35.995175,-86.685579,EMS & Rescue,Low,2022-01-04 16:27:00,Nine
291000,36.10301,-86.739562,EMS & Rescue,Low,2022-01-04 16:29:00,Nine
291001,36.200635,-86.739401,EMS & Rescue,Low,2022-01-04 16:32:50,Nine
291002,36.110498,-86.735327,EMS & Rescue,Moderate,2022-01-04 16:36:00,Nine
291003,36.279371,-86.703797,EMS & Rescue,Moderate,2022-01-04 16:37:00,Nine
291004,36.167435,-86.821921,EMS & Rescue,Moderate,2022-01-04 16:41:00,Nine
291005,36.083354,-86.597453,EMS & Rescue,Moderate,2022-01-04 16:50:06,Nine
291006,36.343705,-86.692885,EMS & Rescue,Moderate,2022-01-04 16:57:18,Nine
291007,36.17902,-86.883494,EMS & Rescue,Moderate,2022-01-04 16:59:04,Nine
291008,36.160913,-86.776837,EMS & Rescue,Moderate,2022-01-04 17:07:00,Nine
291009,36.30023,-86.72461,EMS & Rescue,Moderate,2022-01-04 17:08:00,Nine
291010,36.13475,-86.781685,EMS & Rescue,Moderate,2022-01-04 17:10:00,Nine
291011,36.163058,-86.717436,False Alarm False Call,Low,2022-01-04 17:16:21,ThreeF
291012,36.120822,-86.765681,EMS & Rescue,Low,2022-01-04 17:12:00,Nine
291013,36.134717,-86.722317,EMS & Rescue,Low,2022-01-04 17:21:00,Nine
291014,36.125805,-86.765879,EMS & Rescue,Low,2022-01-04 17:24:32,Nine
291015,36.213059,-86.594992,False Alarm False Call,Low,2022-01-04 17:27:55,ThreeF
291016,36.187825,-86.717767,False Alarm False Call,Low,2022-01-04 17:28:19,ThreeF
291017,36.167981,-86.779453,EMS & Rescue,Moderate,2022-01-04 17:28:39,Nine
291018,36.189869,-86.816214,EMS & Rescue,Moderate,2022-01-04 17:27:00,Nine
291019,36.108623,-86.789807,Service Call,Low,2022-01-04 17:28:00,Five
291020,36.029959,-86.70193,EMS & Rescue,Low,2022-01-04 17:31:00,Nine
291021,36.038026,-86.588165,EMS & Rescue,Low,2022-01-04 17:30:00,Nine
291022,36.11478,-86.783531,EMS & Rescue,Low,2022-01-04 17:33:00,Four
291023,36.134413,-86.889646,EMS & Rescue,Low,2022-01-04 17:35:00,Nine
291024,36.24342,-86.773544,EMS & Rescue,Moderate,2022-01-04 17:33:00,Nine
291025,36.040043,-86.718409,EMS & Rescue,Low,2022-01-04 17:36:00,Nine
291026,36.104134,-86.717128,EMS & Rescue,Low,2022-01-04 17:39:00,Nine
291027,36.163058,-86.717436,Service Call,Low,2022-01-04 17:42:19,Three
291028,36.205141,-86.785133,EMS & Rescue,Low,2022-01-04 17:46:41,Nine
291029,36.226188,-86.593222,EMS & Rescue,Low,2022-01-04 17:55:21,Nine
291030,36.253954,-86.716695,False Alarm False Call,Critical,2022-01-04 17:44:00,Eighteen
291031,36.047424,-86.585348,EMS & Rescue,Moderate,2022-01-04 18:00:00,Nine
291032,36.17283,-86.784926,False Alarm False Call,Low,2022-01-04 17:59:00,ThreeF
291033,36.079664,-86.913588,EMS & Rescue,Low,2022-01-04 17:59:00,Nine
291034,36.150853,-86.853883,False Alarm False Call,Low,2022-01-04 18:02:00,ThreeF
291035,36.082574,-86.949788,False Alarm False Call,Low,2022-01-04 18:09:24,ThreeF
291036,36.10301,-86.739562,EMS & Rescue,Moderate,2022-01-04 18:09:34,Nine
291037,36.24851,-86.777046,EMS & Rescue,Low,2022-01-04 18:11:00,Nine
291038,36.050745,-86.646916,EMS & Rescue,Low,2022-01-04 18:11:00,Nine
291039,36.218592,-86.845288,EMS & Rescue,Moderate,2022-01-04 18:16:57,Nine
291040,36.167512,-86.806324,False Alarm False Call,Low,2022-01-04 18:19:09,ThreeF
291041,36.141776,-86.794559,EMS & Rescue,Low,2022-01-04 18:21:00,Nine
291042,36.176005,-86.602664,EMS & Rescue,High,2022-01-04 18:20:00,Nine
291043,36.16643,-86.781516,EMS & Rescue,Low,2022-01-04 18:30:04,Nine
291044,36.150729,-86.761157,EMS & Rescue,Moderate,2022-01-04 18:33:00,Nine
291045,36.047315,-86.862744,EMS & Rescue,High,2022-01-04 18:32:00,Nine
291046,36.190327,-86.588653,EMS & Rescue,Moderate,2022-01-04 18:28:00,Nine
291047,36.13475,-86.781685,EMS & Rescue,Low,2022-01-04 18:38:00,Nine
291048,36.139324,-86.798109,False Alarm False Call,Low,2022-01-04 18:47:03,ThreeF
291049,36.374056,-86.746408,EMS & Rescue,Moderate,2022-01-04 18:43:00,Nine
291050,36.147136,-86.799053,EMS & Rescue,Low,2022-01-04 18:51:16,Nine
291051,36.11184,-86.777109,False Alarm False Call,Low,2022-01-04 18:51:43,ThreeF
291052,36.378579,-86.882914,EMS & Rescue,Low,2022-01-04 18:51:00,Nine
291053,36.011343,-86.66978,EMS & Rescue,Moderate,2022-01-04 18:55:00,Nine
291054,36.023111,-86.649074,EMS & Rescue,Moderate,2022-01-04 18:56:00,Nine
291055,36.148673,-86.860787,EMS & Rescue,Low,2022-01-04 18:56:00,Nine
291056,36.160005,-86.780042,False Alarm False Call,Low,2022-01-04 19:04:08,ThreeF
291057,36.118407,-86.703032,EMS & Rescue,Moderate,2022-01-04 19:05:00,Nine
291058,36.196206,-86.610306,EMS & Rescue,Moderate,2022-01-04 19:09:00,Nine
291059,36.143295,-86.74891,EMS & Rescue,Low,2022-01-04 19:14:14,Nine
291060,36.238432,-86.802243,EMS & Rescue,Low,2022-01-04 19:16:00,Nine
291061,36.144722,-86.813617,EMS & Rescue,Low,2022-01-04 19:16:00,Nine
291062,36.092098,-86.983022,EMS & Rescue,Low,2022-01-04 19:32:23,Nine
291063,35.995175,-86.685579,EMS & Rescue,Moderate,2022-01-04 19:35:25,Nine
291064,36.207577,-86.8222,EMS & Rescue,Moderate,2022-01-04 19:35:00,Nine
291065,36.211915,-86.765997,EMS & Rescue,Low,2022-01-04 19:35:00,Nine
291066,36.153521,-86.777511,EMS & Rescue,Low,2022-01-04 19:41:00,Nine
291067,36.082678,-86.710501,EMS & Rescue,Moderate,2022-01-04 19:45:16,Nine
291068,36.247933,-86.760591,EMS & Rescue,Moderate,2022-01-04 19:43:00,Nine
291069,36.078668,-86.724331,Service Call,Moderate,2022-01-04 19:48:47,Five
291070,36.151425,-86.756171,False Alarm False Call,Critical,2022-01-04 19:48:00,ThreeF
291071,36.084685,-86.730263,EMS & Rescue,Low,2022-01-04 19:53:00,Nine
291072,36.071642,-86.94884,EMS & Rescue,Low,2022-01-04 19:58:00,Nine
291073,36.182655,-86.82186,EMS & Rescue,Moderate,2022-01-04 20:02:02,Nine
291074,36.145916,-86.812624,EMS & Rescue,Low,2022-01-04 20:04:00,Nine
291075,36.189042,-86.756125,Hazardous Condition,Low,2022-01-04 20:05:00,Five
291076,36.186394,-86.812511,EMS & Rescue,Low,2022-01-04 20:12:00,Nine
291077,36.217605,-86.738826,EMS & Rescue,Low,2022-01-04 20:18:00,Nine
291078,36.217268,-86.843354,EMS & Rescue,Moderate,2022-01-04 20:08:00,Nine
291079,36.049381,-86.705211,EMS & Rescue,Moderate,2022-01-04 20:26:00,Nine
291080,36.043873,-86.723432,EMS & Rescue,Moderate,2022-01-04 20:26:00,Nine
291081,36.06301,-86.915555,False Alarm False Call,Low,2022-01-04 20:37:27,ThreeF
291082,36.183454,-86.773279,EMS & Rescue,Low,2022-01-04 20:38:00,Nine
291083,36.081211,-86.715144,EMS & Rescue,Low,2022-01-04 20:13:00,Nine
291084,36.064802,-86.71327,EMS & Rescue,Moderate,2022-01-04 20:41:00,Nine
291085,36.22837,-86.794419,EMS & Rescue,Low,2022-01-04 20:43:28,Nine
291086,36.159063,-86.817403,EMS & Rescue,Low,2022-01-04 20:49:00,Nine
291087,36.136732,-86.766917,EMS & Rescue,Low,2022-01-04 20:50:00,Nine
291088,36.197483,-86.622205,EMS & Rescue,Low,2022-01-04 20:59:00,Nine
291089,36.187744,-86.627009,EMS & Rescue,Moderate,2022-01-04 21:02:04,Nine
291090,36.201504,-86.787433,EMS & Rescue,Moderate,2022-01-04 20:58:00,Nine
291091,36.21249,-86.761128,Service Call,Low,2022-01-04 20:50:00,Five
291092,36.085986,-86.704082,EMS & Rescue,Moderate,2022-01-04 21:10:03,Nine
291093,36.078719,-86.723444,EMS & Rescue,Moderate,2022-01-04 21:08:00,Nine
291094,36.115737,-86.831232,EMS & Rescue,Low,2022-01-04 21:10:00,Nine
291095,36.135337,-86.700684,EMS & Rescue,Low,2022-01-04 21:17:38,Nine
291096,36.097577,-86.725319,Good Intent Call,Low,2022-01-04 21:22:00,Five
291097,36.15685,-86.807101,Fire,High,2022-01-04 21:35:00,Four
291098,36.181203,-86.843783,EMS & Rescue,Moderate,2022-01-04 21:40:00,Nine
291099,36.250743,-86.742919,EMS & Rescue,Moderate,2022-01-04 21:43:00,Nine
291100,36.078952,-86.604201,EMS & Rescue,Moderate,2022-01-04 21:44:00,Nine
291101,36.143913,-86.738537,EMS & Rescue,Low,2022-01-04 21:51:46,Nine
291102,36.254992,-86.672701,Service Call,Low,2022-01-04 21:53:00,Five
291103,36.184289,-86.841879,EMS & Rescue,Moderate,2022-01-04 21:55:19,Nine
291104,36.254992,-86.672701,EMS & Rescue,Low,2022-01-04 21:57:00,Nine
291105,36.186436,-86.819289,EMS & Rescue,Moderate,2022-01-04 22:00:00,Nine
291106,36.174681,-86.601076,EMS & Rescue,Moderate,2022-01-04 22:08:30,Nine
291107,36.268216,-86.70131,EMS & Rescue,Low,2022-01-04 22:10:00,Nine
291108,36.165753,-86.662659,EMS & Rescue,Moderate,2022-01-04 22:13:00,Nine
291109,36.156977,-86.807341,EMS & Rescue,Low,2022-01-04 22:39:12,Nine
291110,36.067906,-86.666334,EMS & Rescue,Low,2022-01-04 22:43:00,Nine
291111,36.093774,-86.70249,False Alarm False Call,Low,2022-01-04 22:53:33,ThreeF
291112,36.072873,-86.658891,EMS & Rescue,Moderate,2022-01-04 23:02:00,Nine
291113,36.152116,-86.802697,Fire,High,2022-01-04 23:31:00,Four
291114,36.247882,-86.757076,EMS & Rescue,Moderate,2022-01-04 23:34:00,Nine
291115,36.076083,-86.933429,EMS & Rescue,Low,2022-01-04 23:38:10,Nine
291116,36.057955,-86.737398,EMS & Rescue,Moderate,2022-01-04 23:44:04,Nine
291117,36.24698,-86.770962,Service Call,Low,2022-01-05 00:05:13,Five
291118,36.161401,-86.775709,EMS & Rescue,Low,2022-01-05 00:29:16,Nine
291119,36.155665,-86.849028,False Alarm False Call,Low,2022-01-05 00:29:00,ThreeF
291120,36.092205,-86.68233,EMS & Rescue,High,2022-01-05 00:34:21,Nine
291121,36.285009,-86.799353,EMS & Rescue,Moderate,2022-01-05 00:40:00,Nine
291122,36.154054,-86.796765,False Alarm False Call,Low,2022-01-05 00:44:31,ThreeF
291123,36.155665,-86.849028,False Alarm False Call,Low,2022-01-05 00:59:58,ThreeF
291124,36.164707,-86.573854,False Alarm False Call,Low,2022-01-05 01:09:15,ThreeF
291125,36.215729,-86.826717,EMS & Rescue,Moderate,2022-01-05 01:08:00,Nine
291126,36.151901,-86.84104,False Alarm False Call,Low,2022-01-05 01:15:37,ThreeF
291127,36.149165,-86.797408,EMS & Rescue,Low,2022-01-05 01:19:32,Nine
291128,36.155378,-86.797171,False Alarm False Call,Low,2022-01-05 01:25:01,ThreeF
291129,36.005467,-86.639291,EMS & Rescue,Low,2022-01-05 01:34:32,Nine
291130,36.276847,-86.818659,False Alarm False Call,Low,2022-01-05 01:37:14,ThreeF
291131,36.036919,-86.705823,EMS & Rescue,Low,2022-01-05 01:58:00,Nine
291132,36.208238,-86.751038,EMS & Rescue,Moderate,2022-01-05 02:18:46,Nine
291133,36.103738,-86.913448,EMS & Rescue,Low,2022-01-05 02:35:28,Nine
291134,36.166467,-86.807052,EMS & Rescue,Moderate,2022-01-05 02:59:55,Nine
291135,36.290757,-86.721354,False Alarm False Call,Low,2022-01-05 03:01:18,ThreeF
291136,36.142502,-86.7527,EMS & Rescue,Low,2022-01-05 03:02:16,Nine
291137,36.162355,-86.779798,False Alarm False Call,Low,2022-01-05 03:12:47,Five
291138,36.173279,-86.791411,EMS & Rescue,Moderate,2022-01-05 03:21:07,Nine
291139,36.144657,-86.746117,EMS & Rescue,Moderate,2022-01-05 03:24:36,Nine
291140,36.16103,-86.777204,Hazardous Condition,Low,2022-01-05 03:40:42,ThreeB
291141,36.227187,-86.595455,EMS & Rescue,Moderate,2022-01-05 03:42:00,Nine
291142,36.262955,-86.723992,EMS & Rescue,Moderate,2022-01-05 03:48:18,Nine
291143,36.017796,-86.723993,EMS & Rescue,Low,2022-01-05 03:39:00,Nine
291144,36.082574,-86.949788,False Alarm False Call,Low,2022-01-05 03:54:30,ThreeF
291145,36.195772,-86.79925,False Alarm False Call,Low,2022-01-05 03:55:31,ThreeF
291146,36.162549,-86.775826,EMS & Rescue,Low,2022-01-05 04:02:44,Nine
291147,36.210303,-86.777193,EMS & Rescue,Low,2022-01-05 04:03:00,Nine
291148,36.09832,-86.82775,EMS & Rescue,High,2022-01-05 04:10:00,Nine
291149,36.175642,-86.60019,EMS & Rescue,High,2022-01-05 04:14:00,Nine
291150,36.17894,-86.797147,EMS & Rescue,Low,2022-01-05 04:18:06,Nine
291151,36.159638,-86.78761,False Alarm False Call,Low,2022-01-05 04:19:52,Five
291152,36.114174,-86.754994,False Alarm False Call,Low,2022-01-05 04:27:17,ThreeF
291153,36.180323,-86.742654,EMS & Rescue,Moderate,2022-01-05 04:42:52,Nine
291154,36.054814,-86.76063,EMS & Rescue,Low,2022-01-05 04:58:31,Nine
291155,36.17051,-86.88598,EMS & Rescue,Low,2022-01-05 05:28:08,Nine
291156,36.155858,-86.777294,EMS & Rescue,Low,2022-01-05 05:28:00,Nine
291157,36.172301,-86.768714,EMS & Rescue,Low,2022-01-05 05:38:14,Nine
291158,36.087321,-86.724044,EMS & Rescue,Moderate,2022-01-05 05:53:00,Nine
291159,36.138486,-86.803905,EMS & Rescue,Low,2022-01-05 05:58:10,Nine
291160,36.251196,-86.716692,EMS & Rescue,Low,2022-01-05 06:00:43,Nine
291161,36.249884,-86.712825,EMS & Rescue,Moderate,2022-01-05 06:12:00,Nine
291162,36.001923,-86.693916,EMS & Rescue,Moderate,2022-01-05 06:22:49,Nine
291163,36.258779,-86.711317,EMS & Rescue,Low,2022-01-05 06:23:00,Nine
291164,36.145033,-86.863177,EMS & Rescue,Low,2022-01-05 06:17:00,Nine
291165,36.220149,-86.730375,EMS & Rescue,Moderate,2022-01-05 06:36:06,Nine
291166,36.126715,-86.711097,EMS & Rescue,Low,2022-01-05 06:35:00,Nine
291167,36.245789,-86.719892,Service Call,Moderate,2022-01-05 06:55:00,Five
291168,36.153521,-86.777511,EMS & Rescue,Low,2022-01-05 07:01:57,Nine
291169,36.167367,-86.781574,EMS & Rescue,Low,2022-01-05 07:02:43,Nine
291170,36.152107,-86.773178,EMS & Rescue,Moderate,2022-01-05 07:10:31,Nine
291171,36.128054,-86.666145,EMS & Rescue,Moderate,2022-01-05 07:18:32,Nine
291172,36.157332,-86.709452,EMS & Rescue,Low,2022-01-05 07:19:37,Nine
291173,36.169683,-86.814633,EMS & Rescue,Low,2022-01-05 07:18:00,Nine
291174,36.110806,-86.748884,False Alarm False Call,Low,2022-01-05 07:24:50,ThreeF
291175,36.26163,-86.664696,EMS & Rescue,Moderate,2022-01-05 07:25:00,Nine
291176,36.243961,-86.717767,EMS & Rescue,Low,2022-01-05 07:28:00,Nine
291177,36.212738,-86.761137,EMS & Rescue,Moderate,2022-01-05 07:29:00,Nine
291178,36.20663,-86.777911,EMS & Rescue,Moderate,2022-01-05 07:30:00,Nine
291179,36.164223,-86.780169,EMS & Rescue,Low,2022-01-05 07:32:00,Nine
291180,36.062739,-86.625894,EMS & Rescue,Low,2022-01-05 07:36:18,Nine
291181,36.263968,-86.658881,EMS & Rescue,Moderate,2022-01-05 07:35:00,Nine
291182,36.194725,-86.829353,EMS & Rescue,Low,2022-01-05 07:49:46,Nine
291183,36.158072,-86.662729,EMS & Rescue,Moderate,2022-01-05 07:54:00,Nine
291184,36.195465,-86.748941,EMS & Rescue,Low,2022-01-05 08:01:00,Nine
291185,36.262998,-86.680948,EMS & Rescue,Moderate,2022-01-05 08:07:00,Nine
291186,36.093774,-86.70249,False Alarm False Call,Low,2022-01-05 08:09:06,Five
291187,36.163357,-86.593313,EMS & Rescue,Moderate,2022-01-05 08:06:00,Nine
291188,36.073105,-86.688487,EMS & Rescue,Low,2022-01-05 08:11:00,Nine
291189,36.053655,-86.741605,EMS & Rescue,Moderate,2022-01-05 08:14:00,Nine
291190,36.169502,-86.681413,EMS & Rescue,Low,2022-01-05 08:17:00,Nine
291191,36.339381,-86.834268,EMS & Rescue,Moderate,2022-01-05 08:16:00,Nine
291192,36.215159,-86.754404,EMS & Rescue,Moderate,2022-01-05 08:18:00,Nine
291193,36.153521,-86.777511,EMS & Rescue,Low,2022-01-05 08:21:55,Nine
291194,36.160971,-86.769418,EMS & Rescue,Low,2022-01-05 08:22:00,Nine
291195,36.173842,-86.599969,EMS & Rescue,Low,2022-01-05 08:28:00,Nine
291196,36.268144,-86.697065,EMS & Rescue,Moderate,2022-01-05 08:47:00,Nine
291197,36.260477,-86.683933,EMS & Rescue,Moderate,2022-01-05 08:54:18,Nine
291198,36.071258,-86.969952,EMS & Rescue,High,2022-01-05 08:53:00,Nine
291199,36.197544,-86.817718,EMS & Rescue,Low,2022-01-05 08:57:00,Nine
291200,36.249911,-86.724369,EMS & Rescue,Moderate,2022-01-05 09:03:20,Nine
291201,36.164179,-86.779081,False Alarm False Call,Low,2022-01-05 09:11:09,ThreeF
291202,36.093803,-86.7426,EMS & Rescue,Moderate,2022-01-05 09:12:00,Nine
291203,36.167766,-86.777811,EMS & Rescue,Low,2022-01-05 09:14:02,Nine
291204,36.262629,-86.681377,EMS & Rescue,Low,2022-01-05 09:14:20,Nine
291205,36.153521,-86.777511,EMS & Rescue,Low,2022-01-05 09:21:11,Nine
291206,36.20569,-86.770345,EMS & Rescue,Moderate,2022-01-05 09:30:00,Nine
291207,36.002633,-86.6209,EMS & Rescue,Moderate,2022-01-05 09:31:52,Nine
291208,36.096264,-86.724865,EMS & Rescue,Low,2022-01-05 09:37:07,Nine
291209,36.16643,-86.781516,EMS & Rescue,Low,2022-01-05 09:38:00,Nine
291210,36.268099,-86.698794,EMS & Rescue,Low,2022-01-05 09:48:00,Nine
291211,36.129779,-86.900557,EMS & Rescue,Moderate,2022-01-05 09:50:00,Nine
291212,36.145913,-86.785831,EMS & Rescue,Low,2022-01-05 10:01:00,Nine
291213,36.18035,-86.804482,EMS & Rescue,Low,2022-01-05 10:03:00,Nine
291214,36.209188,-86.839912,EMS & Rescue,Moderate,2022-01-05 10:14:52,Nine
291215,36.050351,-86.717824,EMS & Rescue,Low,2022-01-05 10:13:00,Nine
291216,36.30481,-86.690141,EMS & Rescue,Moderate,2022-01-05 10:19:00,Nine
291217,36.048653,-86.704955,False Alarm False Call,Low,2022-01-05 10:23:57,ThreeF
291218,36.140432,-86.78978,EMS & Rescue,Moderate,2022-01-05 10:25:47,Nine
291219,36.180181,-86.84834,False Alarm False Call,Low,2022-01-05 10:30:59,ThreeF
291220,36.223585,-86.763606,EMS & Rescue,Moderate,2022-01-05 10:31:00,Nine
291221,36.028385,-86.588834,EMS & Rescue,High,2022-01-05 10:35:00,Nine
291222,36.209188,-86.839912,EMS & Rescue,Moderate,2022-01-05 10:39:19,Nine
291223,36.259011,-86.770557,EMS & Rescue,Moderate,2022-01-05 10:43:17,Nine
291224,36.183407,-86.835432,Service Call,Low,2022-01-05 10:42:00,Five
291225,36.187748,-86.812418,EMS & Rescue,Low,2022-01-05 10:48:05,Four
291226,36.089872,-86.946588,EMS & Rescue,Moderate,2022-01-05 10:48:00,Nine
291227,36.320634,-86.699356,EMS & Rescue,Moderate,2022-01-05 10:52:05,Nine
291228,36.142502,-86.7527,EMS & Rescue,Low,2022-01-05 10:52:46,Nine
291229,36.152107,-86.773178,EMS & Rescue,Low,2022-01-05 10:53:16,Nine
291230,36.032082,-86.583183,EMS & Rescue,High,2022-01-05 10:52:00,Nine
291231,36.164296,-86.785601,EMS & Rescue,Moderate,2022-01-05 10:56:32,Nine
291232,36.021808,-86.598749,EMS & Rescue,Moderate,2022-01-05 10:59:08,Nine
291233,36.175916,-86.794113,EMS & Rescue,Moderate,2022-01-05 11:01:00,Nine
291234,36.307262,-86.718339,EMS & Rescue,Moderate,2022-01-05 11:10:00,Nine
291235,36.13475,-86.781685,Service Call,Low,2022-01-05 11:16:05,Three
291236,36.160119,-86.79927,False Alarm False Call,Low,2022-01-05 11:18:56,ThreeF
291237,36.079435,-86.710185,False Alarm False Call,Low,2022-01-05 11:23:59,ThreeF
291238,36.298154,-86.699855,EMS & Rescue,Moderate,2022-01-05 11:26:16,Nine
291239,36.15975,-86.644345,EMS & Rescue,Low,2022-01-05 11:25:00,Nine
291240,36.21482,-86.812108,Service Call,Moderate,2022-01-05 11:35:00,Five
291241,36.281554,-86.787724,EMS & Rescue,Low,2022-01-05 11:35:42,Nine
291242,36.171734,-86.780764,EMS & Rescue,Low,2022-01-05 11:43:03,Nine
291243,36.111687,-86.717816,Service Call,Moderate,2022-01-05 11:46:08,Nine
291244,36.146209,-86.673722,EMS & Rescue,Low,2022-01-05 11:44:00,Nine
291245,36.131768,-86.778978,EMS & Rescue,Low,2022-01-05 11:48:20,Nine
291246,36.072165,-86.64219,EMS & Rescue,High,2022-01-05 11:49:28,Nine
291247,36.236005,-86.782119,EMS & Rescue,Moderate,2022-01-05 11:46:00,Nine
291248,36.137153,-86.88087,EMS & Rescue,Moderate,2022-01-05 11:57:35,Nine
291249,36.140928,-86.782898,EMS & Rescue,Low,2022-01-05 12:02:08,Nine
291250,36.130298,-86.899945,EMS & Rescue,Low,2022-01-05 12:00:00,Nine
291251,36.001896,-86.646021,EMS & Rescue,Low,2022-01-05 12:03:00,Nine
291252,36.262127,-86.754341,EMS & Rescue,Low,2022-01-05 12:07:00,Nine
291253,36.2071,-86.781184,EMS & Rescue,Low,2022-01-05 12:07:00,Nine
291254,36.19471,-86.635016,EMS & Rescue,Moderate,2022-01-05 12:10:55,Nine
291255,36.268099,-86.698794,EMS & Rescue,Moderate,2022-01-05 12:12:08,Nine
291256,36.17822,-86.785481,EMS & Rescue,Low,2022-01-05 12:20:00,Nine
291257,36.311442,-86.698868,Service Call,Moderate,2022-01-05 12:23:25,Five
291258,36.211053,-86.800373,Service Call,Moderate,2022-01-05 12:26:01,Five
291259,36.240466,-86.732817,EMS & Rescue,Moderate,2022-01-05 12:26:19,Nine
291260,36.254992,-86.672701,EMS & Rescue,Moderate,2022-01-05 12:27:23,Nine
291261,36.10839,-86.872808,EMS & Rescue,Moderate,2022-01-05 12:25:00,Nine
291262,36.068006,-86.600207,EMS & Rescue,Moderate,2022-01-05 12:30:00,Nine
291263,36.168971,-86.587533,EMS & Rescue,Moderate,2022-01-05 12:32:44,Nine
291264,36.058712,-86.737127,EMS & Rescue,Moderate,2022-01-05 12:33:54,Nine
291265,36.183187,-86.773872,EMS & Rescue,Moderate,2022-01-05 12:41:53,Nine
291266,36.134717,-86.722317,EMS & Rescue,Low,2022-01-05 12:43:10,Nine
291267,36.165394,-86.57045,False Alarm False Call,Low,2022-01-05 12:45:27,ThreeF
291268,36.073496,-86.731918,EMS & Rescue,Moderate,2022-01-05 12:49:00,Nine
291269,36.092629,-86.900954,EMS & Rescue,Moderate,2022-01-05 13:02:27,Nine
291270,36.082574,-86.949788,False Alarm False Call,Low,2022-01-05 13:06:09,ThreeF
291271,36.17701,-86.798901,EMS & Rescue,Low,2022-01-05 13:11:07,Nine
291272,36.204633,-86.615267,EMS & Rescue,High,2022-01-05 13:16:00,Nine
291273,36.080908,-86.783099,False Alarm False Call,Low,2022-01-05 13:19:08,ThreeF
291274,36.293404,-86.694787,EMS & Rescue,Moderate,2022-01-05 13:35:30,Nine
291275,36.142789,-86.768326,False Alarm False Call,Low,2022-01-05 13:37:56,ThreeF
291276,36.219384,-86.832221,EMS & Rescue,Moderate,2022-01-05 13:42:28,Nine
291277,36.193882,-86.78926,EMS & Rescue,Low,2022-01-05 13:43:00,Nine
291278,36.140632,-86.759135,EMS & Rescue,Moderate,2022-01-05 13:44:00,Nine
291279,36.231629,-86.728609,EMS & Rescue,Moderate,2022-01-05 13:57:15,Nine
291280,36.188802,-86.767525,EMS & Rescue,Moderate,2022-01-05 13:57:24,Nine
291281,36.330544,-86.710546,EMS & Rescue,Moderate,2022-01-05 13:58:56,Nine
291282,36.247825,-86.724172,EMS & Rescue,Moderate,2022-01-05 14:01:52,Nine
291283,36.177581,-86.805446,EMS & Rescue,Moderate,2022-01-05 14:00:00,Nine
291284,36.060367,-86.637543,EMS & Rescue,Moderate,2022-01-05 14:00:00,Nine
291285,36.108668,-86.76517,EMS & Rescue,Moderate,2022-01-05 14:05:33,Nine
291286,36.194787,-86.789102,EMS & Rescue,Low,2022-01-05 14:07:37,Nine
291287,36.193666,-86.831222,EMS & Rescue,Moderate,2022-01-05 14:12:02,Nine
291288,36.231466,-86.759416,EMS & Rescue,Moderate,2022-01-05 14:14:34,Nine
291289,36.042806,-86.701497,EMS & Rescue,Low,2022-01-05 14:11:00,Nine
291290,36.134291,-86.779098,EMS & Rescue,Low,2022-01-05 14:15:19,Nine
291291,36.175405,-86.599647,EMS & Rescue,High,2022-01-05 14:19:58,Nine
291292,36.093651,-86.82054,EMS & Rescue,Moderate,2022-01-05 14:20:00,Nine
291293,36.258801,-86.659097,EMS & Rescue,Moderate,2022-01-05 14:32:02,Nine
291294,36.131174,-86.666198,EMS & Rescue,Low,2022-01-05 14:33:17,Nine
291295,36.31816,-86.712599,EMS & Rescue,Moderate,2022-01-05 14:39:35,Nine
291296,36.172541,-86.623346,Service Call,Low,2022-01-05 14:46:29,Five
291297,36.089574,-86.642694,EMS & Rescue,Moderate,2022-01-05 14:44:00,Nine
291298,36.167456,-86.742692,EMS & Rescue,Moderate,2022-01-05 14:51:34,Nine
291299,36.146209,-86.673722,EMS & Rescue,Low,2022-01-05 14:58:00,Nine
291300,36.2924,-86.743026,EMS & Rescue,Moderate,2022-01-05 15:02:00,Nine
291301,36.162741,-86.596891,EMS & Rescue,Low,2022-01-05 15:06:42,Nine
291302,36.145916,-86.812624,False Alarm False Call,Low,2022-01-05 15:06:57,ThreeF
291303,36.207744,-86.857407,EMS & Rescue,Moderate,2022-01-05 15:10:45,Nine
291304,36.244549,-86.762888,EMS & Rescue,Low,2022-01-05 15:20:04,Nine
291305,36.082199,-86.725696,EMS & Rescue,Low,2022-01-05 15:24:17,Nine
291306,36.041927,-86.760115,Fire,High,2022-01-05 15:28:06,FourA
291307,36.064214,-86.754098,EMS & Rescue,Low,2022-01-05 15:30:00,Nine
291308,36.139062,-86.59636,EMS & Rescue,Low,2022-01-05 15:32:00,Nine
291309,36.145373,-86.814062,False Alarm False Call,Low,2022-01-05 15:34:51,ThreeF
291310,36.19107,-86.603404,EMS & Rescue,Low,2022-01-05 15:32:00,Nine
291311,36.261919,-86.667942,EMS & Rescue,Low,2022-01-05 15:38:00,Nine
291312,36.083308,-86.713076,EMS & Rescue,Low,2022-01-05 15:41:59,Nine
291313,36.080441,-86.657807,EMS & Rescue,Moderate,2022-01-05 15:39:00,Nine
291314,36.251553,-86.743607,EMS & Rescue,Low,2022-01-05 15:43:19,Nine
291315,36.320634,-86.699356,EMS & Rescue,Moderate,2022-01-05 15:43:33,Nine
291316,36.256382,-86.674043,Good Intent Call,Low,2022-01-05 15:44:41,Nine
291317,36.143788,-86.666308,EMS & Rescue,Low,2022-01-05 15:43:00,Nine
291318,36.300654,-86.706002,EMS & Rescue,Moderate,2022-01-05 15:47:23,Nine
291319,36.19423,-86.731335,EMS & Rescue,Moderate,2022-01-05 15:49:41,Nine
291320,36.088117,-86.693225,EMS & Rescue,Moderate,2022-01-05 15:53:08,Nine
291321,36.175187,-86.762378,EMS & Rescue,Moderate,2022-01-05 15:58:00,Nine
291322,36.153521,-86.777511,EMS & Rescue,Moderate,2022-01-05 15:57:00,Nine
291323,36.264768,-86.737715,Fire,High,2022-01-05 16:02:48,Four
291324,36.121496,-86.776582,EMS & Rescue,Low,2022-01-05 16:03:00,Nine
291325,36.147305,-86.814575,EMS & Rescue,Low,2022-01-05 16:06:00,Nine
291326,36.089573,-86.88852,EMS & Rescue,Moderate,2022-01-05 16:11:00,Nine
291327,36.143878,-86.751828,EMS & Rescue,Moderate,2022-01-05 16:14:00,Nine
291328,36.044867,-86.715151,EMS & Rescue,Low,2022-01-05 16:14:00,Nine
291329,36.166674,-86.660913,EMS & Rescue,Moderate,2022-01-05 16:18:00,Nine
291330,36.049799,-86.640473,False Alarm False Call,Low,2022-01-05 16:23:19,ThreeF
291331,36.244676,-86.734835,Good Intent Call,Low,2022-01-05 16:25:00,Nine
291332,36.245152,-86.709977,EMS & Rescue,Low,2022-01-05 16:29:00,Nine
291333,36.212119,-86.778498,Fire,High,2022-01-05 16:36:00,Four
291334,36.310739,-86.709822,EMS & Rescue,Moderate,2022-01-05 16:45:23,Nine
291335,36.042197,-86.596614,EMS & Rescue,Moderate,2022-01-05 16:44:00,Nine
291336,36.150053,-86.694415,EMS & Rescue,Low,2022-01-05 16:45:00,Nine
291337,36.197593,-86.847454,EMS & Rescue,Moderate,2022-01-05 16:46:00,Nine
291338,36.272987,-86.729779,EMS & Rescue,Low,2022-01-05 16:50:00,Nine
291339,36.034603,-86.618049,Fire,Low,2022-01-05 17:00:19,Four
291340,36.298925,-86.69244,EMS & Rescue,Moderate,2022-01-05 17:01:00,Nine
291341,36.221388,-86.810709,EMS & Rescue,Moderate,2022-01-05 17:07:18,Nine
291342,36.097935,-86.641041,EMS & Rescue,Moderate,2022-01-05 17:12:00,Nine
291343,36.183407,-86.835432,EMS & Rescue,Moderate,2022-01-05 17:14:00,Nine
291344,36.168386,-86.688335,EMS & Rescue,Low,2022-01-05 17:18:35,Nine
291345,36.139491,-86.804038,EMS & Rescue,High,2022-01-05 17:25:08,Nine
291346,36.242116,-86.635712,EMS & Rescue,Moderate,2022-01-05 17:27:00,Nine
291347,36.140181,-86.879808,EMS & Rescue,Low,2022-01-05 17:29:00,Nine
291348,36.14643,-86.812303,EMS & Rescue,Moderate,2022-01-05 17:32:00,Nine
291349,36.04267,-86.766513,False Alarm False Call,Low,2022-01-05 17:35:00,ThreeF
291350,36.080433,-86.943905,EMS & Rescue,High,2022-01-05 17:41:00,Nine
291351,36.26624,-86.698551,EMS & Rescue,Moderate,2022-01-05 17:59:51,Nine
291352,36.086574,-86.691959,EMS & Rescue,Moderate,2022-01-05 17:59:00,Nine
291353,36.217814,-86.846739,EMS & Rescue,Moderate,2022-01-05 18:05:40,Nine
291354,36.203422,-86.787859,EMS & Rescue,Moderate,2022-01-05 18:07:30,Nine
291355,36.16617,-86.615271,EMS & Rescue,High,2022-01-05 18:10:00,Nine
291356,36.193666,-86.831222,EMS & Rescue,Low,2022-01-05 18:13:00,Nine
291357,36.301515,-86.723363,EMS & Rescue,Moderate,2022-01-05 18:24:22,Nine
291358,36.141555,-86.78641,EMS & Rescue,Low,2022-01-05 18:22:00,Nine
291359,36.156207,-86.628808,Fire,High,2022-01-05 18:31:00,Four
291360,36.215543,-86.819495,EMS & Rescue,Moderate,2022-01-05 18:37:51,Nine
291361,36.266207,-86.722315,EMS & Rescue,Low,2022-01-05 18:38:34,Nine
291362,36.308506,-86.686782,EMS & Rescue,Moderate,2022-01-05 18:43:00,Nine
291363,36.255018,-86.715241,EMS & Rescue,Low,2022-01-05 18:46:46,Nine
291364,36.049991,-86.690236,EMS & Rescue,Low,2022-01-05 18:52:41,Nine
291365,36.131733,-86.669168,EMS & Rescue,Low,2022-01-05 18:51:00,Nine
291366,36.267051,-86.695159,EMS & Rescue,Moderate,2022-01-05 18:55:00,Nine
291367,36.067916,-86.600436,EMS & Rescue,Low,2022-01-05 19:03:17,Nine
291368,36.074422,-86.923866,EMS & Rescue,High,2022-01-05 19:02:00,Nine
291369,36.151076,-86.670573,EMS & Rescue,Low,2022-01-05 19:08:23,Nine
291370,36.047801,-86.738784,EMS & Rescue,Low,2022-01-05 19:08:00,Nine
291371,36.075785,-86.604023,EMS & Rescue,Low,2022-01-05 19:12:20,Nine
291372,36.19693,-86.628568,EMS & Rescue,High,2022-01-05 19:12:00,Nine
291373,36.086586,-86.771972,EMS & Rescue,Critical,2022-01-05 19:15:00,Nine
291374,36.160972,-86.793224,EMS & Rescue,Low,2022-01-05 19:12:00,Nine
291375,36.045607,-86.661311,EMS & Rescue,Moderate,2022-01-05 19:18:59,Nine
291376,36.219632,-86.801104,EMS & Rescue,Moderate,2022-01-05 19:24:30,Nine
291377,36.170997,-86.793319,EMS & Rescue,Low,2022-01-05 19:25:26,Nine
291378,36.245058,-86.719556,Good Intent Call,Low,2022-01-05 19:26:18,Nine
291379,36.325993,-86.718149,EMS & Rescue,Moderate,2022-01-05 19:27:05,Nine
291380,36.202199,-86.617725,Good Intent Call,Low,2022-01-05 19:28:00,OneB
291381,36.307262,-86.718339,EMS & Rescue,Moderate,2022-01-05 19:35:02,Nine
291382,36.20456,-86.63142,EMS & Rescue,High,2022-01-05 19:38:00,Nine
291383,36.142502,-86.7527,Service Call,Low,2022-01-05 19:48:00,Five
291384,36.26413,-86.714023,EMS & Rescue,Low,2022-01-05 19:51:00,Nine
291385,36.215947,-86.758289,False Alarm False Call,Low,2022-01-05 19:55:14,ThreeF
291386,36.170557,-86.741366,EMS & Rescue,Moderate,2022-01-05 19:54:00,Nine
291387,36.073065,-86.921352,Service Call,Low,2022-01-05 19:54:00,FiveA
291388,36.298354,-86.698849,EMS & Rescue,Moderate,2022-01-05 20:05:00,Nine
291389,36.234823,-86.781867,EMS & Rescue,Moderate,2022-01-05 20:21:53,Nine
291390,36.045313,-86.641012,Fire,High,2022-01-05 20:21:00,Four
291391,36.156659,-86.807673,EMS & Rescue,Low,2022-01-05 20:23:02,Nine
291392,36.140049,-86.787873,EMS & Rescue,Low,2022-01-05 20:29:00,Nine
291393,36.150749,-86.859764,EMS & Rescue,Low,2022-01-05 20:39:00,Nine
291394,36.089898,-86.951478,EMS & Rescue,Moderate,2022-01-05 20:41:00,Nine
291395,36.229387,-86.759284,EMS & Rescue,Moderate,2022-01-05 20:48:00,Nine
291396,36.174971,-86.586338,EMS & Rescue,Moderate,2022-01-05 20:29:00,Nine
291397,36.218104,-86.807122,EMS & Rescue,Moderate,2022-01-05 21:05:17,Nine
291398,36.206062,-86.6943,EMS & Rescue,Low,2022-01-05 21:14:00,Nine
291399,36.154087,-86.792515,EMS & Rescue,Low,2022-01-05 21:15:30,Nine
291400,36.203156,-86.614367,EMS & Rescue,Moderate,2022-01-05 21:20:00,Nine
291401,36.045675,-86.614739,False Alarm False Call,Low,2022-01-05 21:32:00,ThreeF
291402,36.013999,-86.619899,EMS & Rescue,Moderate,2022-01-05 21:35:00,Nine
291403,36.202843,-86.727537,EMS & Rescue,Moderate,2022-01-05 21:47:00,Nine
291404,36.171825,-86.601209,EMS & Rescue,High,2022-01-05 22:05:10,Nine
291405,36.051497,-86.645107,EMS & Rescue,Moderate,2022-01-05 22:08:00,Nine
291406,36.085778,-86.935244,EMS & Rescue,High,2022-01-05 22:13:00,Nine
291407,36.268198,-86.683483,EMS & Rescue,Moderate,2022-01-05 22:15:02,Nine
291408,36.175982,-86.608098,EMS & Rescue,Moderate,2022-01-05 22:20:54,Nine
291409,36.184389,-86.600642,EMS & Rescue,Low,2022-01-05 22:19:00,Nine
291410,36.218654,-86.793532,EMS & Rescue,Low,2022-01-05 22:23:00,Nine
291411,36.144112,-86.791566,EMS & Rescue,Low,2022-01-05 22:32:36,Nine
291412,36.057751,-86.596882,EMS & Rescue,Moderate,2022-01-05 22:35:58,Nine
291413,36.069205,-86.689417,EMS & Rescue,Low,2022-01-05 22:35:00,Nine
291414,36.186082,-86.845585,EMS & Rescue,Low,2022-01-05 22:42:19,Nine
291415,36.143586,-86.623837,EMS & Rescue,Low,2022-01-05 22:42:00,Nine
291416,36.2759,-86.701649,EMS & Rescue,Moderate,2022-01-05 22:50:00,Nine
291417,36.126472,-86.708739,EMS & Rescue,Low,2022-01-05 22:54:12,Nine
291418,36.216554,-86.603877,Service Call,Low,2022-01-05 23:12:29,Five
291419,36.142407,-86.639663,EMS & Rescue,Low,2022-01-05 23:21:23,Nine
291420,36.193018,-86.860681,EMS & Rescue,Low,2022-01-05 23:21:34,Nine
291421,36.247754,-86.719979,EMS & Rescue,Low,2022-01-05 23:22:00,Nine
291422,36.135806,-86.804684,EMS & Rescue,Low,2022-01-05 23:26:00,Nine
291423,36.16643,-86.781516,EMS & Rescue,Moderate,2022-01-05 23:28:00,Nine
291424,36.121864,-86.70244,EMS & Rescue,Low,2022-01-05 23:32:00,Nine
291425,36.169476,-86.80663,EMS & Rescue,Moderate,2022-01-05 23:42:04,Nine
291426,36.199013,-86.615228,EMS & Rescue,High,2022-01-05 23:44:00,Nine
291427,36.138843,-86.800916,EMS & Rescue,Low,2022-01-05 23:51:34,Nine
291428,36.26254,-86.753178,EMS & Rescue,Moderate,2022-01-05 23:53:20,Nine
291429,36.037226,-86.704204,Hazardous Condition,Low,2022-01-06 00:07:00,Five
291430,36.156121,-86.806326,False Alarm False Call,Low,2022-01-06 00:20:35,ThreeF
291431,36.157461,-86.682777,EMS & Rescue,Moderate,2022-01-06 00:26:00,Nine
291432,36.041023,-86.600018,EMS & Rescue,Moderate,2022-01-06 00:42:30,Nine
291433,36.168324,-86.760336,Fire,High,2022-01-06 00:44:00,Four
291434,36.135478,-86.777587,EMS & Rescue,Low,2022-01-06 00:52:42,Nine
291435,36.078955,-86.659406,Service Call,Moderate,2022-01-06 00:53:25,Five
291436,36.219035,-86.791497,EMS & Rescue,Low,2022-01-06 00:54:00,Nine
291437,36.261007,-86.658835,EMS & Rescue,Moderate,2022-01-06 00:58:04,Nine
291438,36.320634,-86.699356,EMS & Rescue,Moderate,2022-01-06 01:02:36,Nine
291439,36.136562,-86.727332,EMS & Rescue,Low,2022-01-06 01:01:00,Nine
291440,36.21979,-86.754496,EMS & Rescue,Low,2022-01-06 01:02:00,Nine
291441,36.076788,-86.946492,EMS & Rescue,High,2022-01-06 01:13:32,Nine
291442,36.152389,-86.800063,EMS & Rescue,Low,2022-01-06 01:18:30,Nine
291443,36.247923,-86.71156,Good Intent Call,Low,2022-01-06 01:22:05,ThreeB
291444,36.218729,-86.802317,EMS & Rescue,Low,2022-01-06 01:24:52,Nine
291445,36.16776,-86.756857,EMS & Rescue,Low,2022-01-06 01:27:57,Nine
291446,36.181652,-86.817966,EMS & Rescue,Low,2022-01-06 01:52:35,Nine
291447,36.083784,-86.918219,Fire,High,2022-01-06 01:52:00,Two
291448,36.177531,-86.795981,EMS & Rescue,Low,2022-01-06 01:49:00,Nine
291449,36.303497,-86.681951,Service Call,Moderate,2022-01-06 02:20:00,Five
291450,36.159943,-86.815641,EMS & Rescue,Low,2022-01-06 02:27:47,Nine
291451,36.049897,-86.71662,EMS & Rescue,Low,2022-01-06 02:31:58,Nine
291452,36.319888,-86.696861,EMS & Rescue,Moderate,2022-01-06 02:34:32,Nine
291453,36.124889,-86.75062,EMS & Rescue,Moderate,2022-01-06 02:45:06,Nine
291454,36.258801,-86.659097,EMS & Rescue,Low,2022-01-06 02:58:41,Nine
291455,36.2475,-86.743277,EMS & Rescue,Low,2022-01-06 02:58:00,Nine
291456,36.010255,-86.699357,EMS & Rescue,Low,2022-01-06 03:03:55,Nine
291457,36.144251,-86.747498,EMS & Rescue,Low,2022-01-06 03:05:08,Nine
291458,36.143739,-86.879565,EMS & Rescue,Low,2022-01-06 03:19:17,Three
291459,36.142583,-86.624047,EMS & Rescue,Low,2022-01-06 03:32:00,Nine
291460,36.084229,-86.700712,EMS & Rescue,Low,2022-01-06 03:38:44,Nine
291461,36.216891,-86.687087,EMS & Rescue,Low,2022-01-06 03:53:25,Nine
291462,36.076341,-86.627379,EMS & Rescue,Moderate,2022-01-06 03:55:00,Nine
291463,36.138578,-86.857284,EMS & Rescue,Low,2022-01-06 04:14:56,Nine
291464,36.155823,-86.803572,False Alarm False Call,Low,2022-01-06 04:32:55,ThreeF
291465,36.193768,-86.759445,EMS & Rescue,Moderate,2022-01-06 04:31:00,Nine
291466,36.297024,-86.718411,EMS & Rescue,Moderate,2022-01-06 04:37:05,Nine
291467,36.08588,-86.647686,EMS & Rescue,Moderate,2022-01-06 04:59:00,Nine
291468,36.172678,-86.614988,False Alarm False Call,Low,2022-01-06 05:02:00,Sixteen
291469,36.186979,-86.821669,False Alarm False Call,Low,2022-01-06 05:16:53,ThreeF
291470,36.153521,-86.777511,EMS & Rescue,Low,2022-01-06 05:17:08,Nine
291471,36.088979,-86.944472,EMS & Rescue,Moderate,2022-01-06 05:26:00,Nine
291472,36.235561,-86.803004,EMS & Rescue,Low,2022-01-06 05:31:00,Nine
291473,36.045376,-86.713267,EMS & Rescue,Moderate,2022-01-06 05:48:02,Nine
291474,36.141555,-86.78641,EMS & Rescue,Low,2022-01-06 06:02:20,Nine
291475,36.153521,-86.777511,EMS & Rescue,Moderate,2022-01-06 06:11:00,Nine
291476,36.189994,-86.735374,EMS & Rescue,Low,2022-01-06 06:18:03,Nine
291477,36.140067,-86.80272,False Alarm False Call,Low,2022-01-06 06:20:44,ThreeF
291478,36.106016,-86.722426,EMS & Rescue,Low,2022-01-06 06:20:00,Nine
291479,36.144282,-86.795275,EMS & Rescue,Moderate,2022-01-06 06:22:58,Nine
291480,36.180517,-86.612909,EMS & Rescue,High,2022-01-06 06:33:00,Nine
291481,36.259393,-86.752706,EMS & Rescue,Low,2022-01-06 06:39:09,Nine
291482,36.093651,-86.82054,False Alarm False Call,Low,2022-01-06 06:40:51,ThreeF
291483,36.13983,-86.767707,False Alarm False Call,Low,2022-01-06 06:51:48,ThreeF
291484,36.244998,-86.771838,EMS & Rescue,Low,2022-01-06 07:01:06,Nine
291485,36.195413,-86.633033,EMS & Rescue,High,2022-01-06 07:03:58,Nine
291486,36.162651,-86.778497,False Alarm False Call,Low,2022-01-06 07:07:37,ThreeF
291487,36.189646,-86.833801,EMS & Rescue,Moderate,2022-01-06 07:14:00,Nine
291488,36.027503,-86.711882,EMS & Rescue,Low,2022-01-06 07:18:00,Nine
291489,36.07188,-86.672918,False Alarm False Call,Low,2022-01-06 07:22:04,ThreeF
291490,36.234823,-86.781867,EMS & Rescue,Low,2022-01-06 07:29:40,Nine
291491,36.147752,-86.757977,EMS & Rescue,Moderate,2022-01-06 07:41:39,Nine
291492,36.173814,-86.81297,EMS & Rescue,Moderate,2022-01-06 07:44:00,Nine
291493,36.137928,-86.798663,False Alarm False Call,Low,2022-01-06 07:47:52,ThreeF
291494,36.193086,-86.809826,EMS & Rescue,Moderate,2022-01-06 07:52:34,Nine
291495,36.209722,-86.633779,EMS & Rescue,High,2022-01-06 08:06:40,Nine
291496,36.288319,-86.916506,EMS & Rescue,Moderate,2022-01-06 08:09:00,Nine
291497,36.086924,-86.648683,EMS & Rescue,Low,2022-01-06 08:13:00,Nine
291498,36.213454,-86.829953,EMS & Rescue,Moderate,2022-01-06 08:19:34,Nine
291499,36.054324,-86.618734,EMS & Rescue,Low,2022-01-06 08:23:11,Nine
291500,36.139893,-86.767926,False Alarm False Call,Low,2022-01-06 08:30:28,ThreeF
291501,36.19179,-86.782678,EMS & Rescue,Low,2022-01-06 08:32:22,Nine
291502,36.172865,-86.79654,Good Intent Call,Low,2022-01-06 08:27:00,ThreeB
291503,36.196788,-86.866776,EMS & Rescue,Low,2022-01-06 08:38:03,Nine
291504,36.175025,-86.784685,EMS & Rescue,Moderate,2022-01-06 08:42:08,Nine
291505,36.119994,-86.698107,EMS & Rescue,Low,2022-01-06 08:36:00,Nine
291506,36.118407,-86.703032,EMS & Rescue,Low,2022-01-06 08:44:31,Nine
291507,36.235245,-86.724709,EMS & Rescue,Low,2022-01-06 08:48:00,Nine
291508,36.225396,-86.625954,EMS & Rescue,Low,2022-01-06 08:47:00,Nine
291509,36.1807,-86.58157,EMS & Rescue,Low,2022-01-06 08:56:35,Nine
291510,36.045506,-86.718224,EMS & Rescue,Low,2022-01-06 08:57:20,Nine
291511,36.209805,-86.622777,EMS & Rescue,Low,2022-01-06 08:54:00,Nine
291512,35.991344,-86.660386,EMS & Rescue,Low,2022-01-06 08:55:00,Nine
291513,36.158264,-86.625576,EMS & Rescue,Low,2022-01-06 09:12:00,Nine
291514,36.236143,-86.850221,EMS & Rescue,Moderate,2022-01-06 09:14:04,Nine
291515,36.153525,-86.818759,EMS & Rescue,Low,2022-01-06 09:21:02,Nine
291516,36.249787,-86.704013,EMS & Rescue,Moderate,2022-01-06 09:23:00,Nine
291517,36.234823,-86.781867,EMS & Rescue,Low,2022-01-06 09:27:01,Nine
291518,36.154041,-86.721129,EMS & Rescue,Moderate,2022-01-06 09:27:00,Nine
291519,36.083354,-86.613909,EMS & Rescue,Moderate,2022-01-06 09:35:13,Nine
291520,36.161688,-86.825549,Service Call,Low,2022-01-06 09:36:22,Fourteen
291521,36.115688,-86.696585,EMS & Rescue,Low,2022-01-06 09:33:00,Nine
291522,36.211406,-86.81755,EMS & Rescue,Moderate,2022-01-06 09:40:00,Nine
291523,36.037588,-86.661319,EMS & Rescue,Moderate,2022-01-06 09:42:42,Nine
291524,36.187622,-86.862605,EMS & Rescue,Low,2022-01-06 09:43:48,Nine
291525,36.176189,-86.804297,EMS & Rescue,Low,2022-01-06 09:42:00,Nine
291526,36.137,-86.881084,False Alarm False Call,Low,2022-01-06 09:46:16,ThreeF
291527,36.121808,-86.755266,EMS & Rescue,Moderate,2022-01-06 09:48:00,Nine
291528,36.113397,-86.924684,EMS & Rescue,Low,2022-01-06 09:54:37,Nine
291529,36.255224,-86.650716,EMS & Rescue,Low,2022-01-06 09:50:00,Nine
291530,36.192333,-86.687616,EMS & Rescue,Low,2022-01-06 09:58:04,Nine
291531,36.24128,-86.757272,EMS & Rescue,Low,2022-01-06 09:59:49,Nine
291532,36.264226,-86.685124,EMS & Rescue,Low,2022-01-06 10:05:22,Nine
291533,36.069602,-86.693917,EMS & Rescue,Moderate,2022-01-06 10:11:00,Nine
291534,36.199184,-86.824042,EMS & Rescue,Moderate,2022-01-06 10:13:16,Nine
291535,36.25237,-86.658443,EMS & Rescue,Low,2022-01-06 10:13:23,Nine
291536,36.006885,-86.695165,EMS & Rescue,High,2022-01-06 10:16:00,Nine
291537,36.313007,-86.829999,EMS & Rescue,Low,2022-01-06 10:18:27,Nine
291538,36.299829,-86.695803,EMS & Rescue,Moderate,2022-01-06 10:20:00,Nine
291539,36.140604,-86.721931,EMS & Rescue,Low,2022-01-06 10:25:41,Nine
291540,36.172787,-86.764805,EMS & Rescue,Low,2022-01-06 10:21:00,Nine
291541,36.257859,-86.787823,EMS & Rescue,Low,2022-01-06 10:30:40,Nine
291542,36.087002,-86.606865,EMS & Rescue,Moderate,2022-01-06 10:31:04,Nine
291543,36.104969,-86.820277,EMS & Rescue,Low,2022-01-06 10:36:53,Nine
291544,36.224799,-86.818037,EMS & Rescue,Low,2022-01-06 10:39:13,Nine
291545,36.12954,-86.873839,EMS & Rescue,Low,2022-01-06 10:39:00,Nine
291546,36.238432,-86.802243,EMS & Rescue,Moderate,2022-01-06 10:47:53,Nine
291547,36.296078,-86.811288,EMS & Rescue,Low,2022-01-06 10:46:00,Nine
291548,36.140237,-86.817704,False Alarm False Call,Low,2022-01-06 10:50:56,ThreeF
291549,36.039486,-86.577862,EMS & Rescue,Low,2022-01-06 10:50:00,Nine
291550,36.229387,-86.759284,EMS & Rescue,Low,2022-01-06 10:46:00,Nine
291551,36.192366,-86.728615,EMS & Rescue,Moderate,2022-01-06 11:07:00,Nine
291552,36.035251,-86.981195,EMS & Rescue,Moderate,2022-01-06 11:08:00,Nine
291553,36.144731,-86.754658,EMS & Rescue,Moderate,2022-01-06 11:07:00,Nine
291554,36.188989,-86.816561,EMS & Rescue,Moderate,2022-01-06 11:21:00,Nine
291555,36.19762,-86.837324,EMS & Rescue,Low,2022-01-06 11:20:00,Nine
291556,36.100148,-86.923165,False Alarm False Call,Low,2022-01-06 11:24:09,ThreeF
291557,36.29091,-86.89207,EMS & Rescue,Moderate,2022-01-06 11:27:17,Nine
291558,36.079615,-86.726322,EMS & Rescue,Moderate,2022-01-06 11:27:21,Nine
291559,36.089955,-86.728275,Service Call,Low,2022-01-06 11:24:00,Five
291560,36.160222,-86.794025,EMS & Rescue,Low,2022-01-06 11:29:00,Nine
291561,36.123989,-86.726625,EMS & Rescue,Low,2022-01-06 11:32:00,Nine
291562,36.188692,-86.589262,EMS & Rescue,Low,2022-01-06 11:31:00,Nine
291563,36.257499,-86.677271,EMS & Rescue,Moderate,2022-01-06 11:42:40,Nine
291564,36.317865,-86.718128,EMS & Rescue,Moderate,2022-01-06 11:43:17,Nine
291565,36.046336,-86.777273,EMS & Rescue,Low,2022-01-06 11:47:02,Nine
291566,36.171413,-86.772475,EMS & Rescue,Low,2022-01-06 11:50:26,Nine
291567,36.084763,-86.946196,EMS & Rescue,Low,2022-01-06 11:48:00,Nine
291568,36.254992,-86.672701,EMS & Rescue,Moderate,2022-01-06 11:55:26,Nine
291569,36.181728,-86.771797,Service Call,Low,2022-01-06 12:06:01,Five
291570,36.142909,-86.74792,False Alarm False Call,Low,2022-01-06 12:05:58,ThreeF
291571,36.146588,-86.64381,EMS & Rescue,Low,2022-01-06 12:08:06,Nine
291572,36.295137,-86.70131,EMS & Rescue,Low,2022-01-06 12:16:00,Nine
291573,36.250743,-86.742919,EMS & Rescue,Low,2022-01-06 12:20:39,Nine
291574,36.10553,-86.792995,EMS & Rescue,Low,2022-01-06 12:23:00,Nine
291575,36.147008,-86.793599,False Alarm False Call,Low,2022-01-06 12:26:16,ThreeF
291576,36.132873,-86.828997,False Alarm False Call,Low,2022-01-06 12:26:35,ThreeF
291577,36.324564,-86.872879,EMS & Rescue,Low,2022-01-06 12:23:00,Nine
291578,36.243591,-86.775958,Service Call,Low,2022-01-06 12:29:23,Five
291579,36.069411,-86.729486,EMS & Rescue,Low,2022-01-06 12:30:00,Nine
291580,36.155817,-86.629406,EMS & Rescue,Moderate,2022-01-06 12:33:29,Nine
291581,36.124254,-86.729654,EMS & Rescue,Low,2022-01-06 12:35:01,Nine
291582,36.101924,-86.816967,Service Call,Low,2022-01-06 12:47:39,Fourteen
291583,36.262814,-86.735459,EMS & Rescue,Low,2022-01-06 12:51:00,Nine
291584,36.256585,-86.704058,EMS & Rescue,Low,2022-01-06 12:57:14,Nine
291585,36.122011,-86.774314,EMS & Rescue,Moderate,2022-01-06 12:57:43,Nine
291586,36.129479,-86.852003,EMS & Rescue,Moderate,2022-01-06 12:57:00,Nine
291587,36.24981,-86.637635,EMS & Rescue,Moderate,2022-01-06 13:04:57,Nine
291588,36.191458,-86.803927,EMS & Rescue,Moderate,2022-01-06 13:12:38,Nine
291589,36.236005,-86.782119,EMS & Rescue,Low,2022-01-06 13:18:39,Nine
291590,36.164692,-86.791926,EMS & Rescue,Low,2022-01-06 13:20:30,Nine
291591,36.169773,-86.765753,EMS & Rescue,Low,2022-01-06 13:23:08,Nine
291592,36.175726,-86.797568,EMS & Rescue,Moderate,2022-01-06 13:25:48,Nine
291593,36.09026,-86.812684,Hazardous Condition,Low,2022-01-06 13:27:00,Eight
291594,36.206515,-86.776486,EMS & Rescue,Moderate,2022-01-06 13:30:28,Nine
291595,36.069126,-86.683851,EMS & Rescue,Moderate,2022-01-06 13:29:00,Nine
291596,36.126238,-86.851602,EMS & Rescue,Moderate,2022-01-06 13:37:23,Nine
291597,36.042457,-86.71295,EMS & Rescue,Low,2022-01-06 13:41:00,Nine
291598,36.216398,-86.600711,EMS & Rescue,High,2022-01-06 13:40:00,Nine
291599,36.061813,-86.610255,False Alarm False Call,Low,2022-01-06 13:41:00,ThreeF
291600,36.051168,-86.959385,Good Intent Call,Moderate,2022-01-06 13:50:20,Nine
291601,36.157087,-86.5706,EMS & Rescue,Moderate,2022-01-06 13:49:00,Nine
291602,36.025812,-86.712521,EMS & Rescue,High,2022-01-06 13:53:48,Nine
291603,36.087387,-86.682804,EMS & Rescue,Low,2022-01-06 13:54:47,Nine
291604,36.262998,-86.680948,EMS & Rescue,Low,2022-01-06 13:53:00,Nine
291605,36.267746,-86.700589,EMS & Rescue,Low,2022-01-06 13:53:00,Nine
291606,36.221046,-86.766475,Hazardous Condition,Low,2022-01-06 13:57:37,Five
291607,36.152617,-86.788868,EMS & Rescue,Low,2022-01-06 13:55:00,Nine
291608,36.166585,-86.764911,EMS & Rescue,Low,2022-01-06 14:01:13,Nine
291609,36.158818,-86.799875,EMS & Rescue,Low,2022-01-06 14:01:19,Nine
291610,36.205934,-86.610037,EMS & Rescue,Low,2022-01-06 13:59:00,Nine
291611,36.27001,-86.78267,EMS & Rescue,Low,2022-01-06 14:07:04,Nine
291612,36.139876,-86.81974,False Alarm False Call,Low,2022-01-06 14:06:34,ThreeF
291613,36.12842,-86.851211,EMS & Rescue,Low,2022-01-06 14:06:56,Nine
291614,35.999497,-86.689542,EMS & Rescue,Moderate,2022-01-06 14:10:39,Nine
291615,36.172853,-86.765351,EMS & Rescue,Low,2022-01-06 14:09:00,Nine
291616,36.042422,-86.637506,EMS & Rescue,Low,2022-01-06 14:10:00,Nine
291617,36.145504,-86.795616,False Alarm False Call,Low,2022-01-06 14:15:12,ThreeF
291618,36.042082,-86.706712,False Alarm False Call,Low,2022-01-06 14:16:01,ThreeF
291619,36.15278,-86.779329,EMS & Rescue,Low,2022-01-06 14:33:39,Nine
291620,36.152107,-86.773178,EMS & Rescue,Low,2022-01-06 12:15:00,Nine
291621,36.262638,-86.703634,EMS & Rescue,Low,2022-01-06 14:42:05,Nine
291622,36.125533,-86.751803,EMS & Rescue,Low,2022-01-06 14:41:00,Nine
291623,36.268222,-86.69692,EMS & Rescue,Low,2022-01-06 14:45:31,Nine
291624,36.1993,-86.62828,EMS & Rescue,High,2022-01-06 14:45:58,Nine
291625,36.152119,-86.794815,EMS & Rescue,Low,2022-01-06 14:46:59,Nine
291626,36.178168,-86.804301,EMS & Rescue,Moderate,2022-01-06 14:47:00,Nine
291627,36.238259,-86.807786,EMS & Rescue,Moderate,2022-01-06 14:54:05,Nine
291628,36.253399,-86.742008,EMS & Rescue,Moderate,2022-01-06 14:57:57,Nine
291629,36.061044,-86.64136,EMS & Rescue,Low,2022-01-06 14:58:34,Nine
291630,36.060032,-86.714594,EMS & Rescue,Moderate,2022-01-06 14:59:44,Nine
291631,36.199013,-86.615228,EMS & Rescue,Moderate,2022-01-06 15:09:00,Nine
291632,36.254089,-86.654133,EMS & Rescue,Moderate,2022-01-06 15:09:00,Nine
291633,36.133852,-86.633643,EMS & Rescue,Low,2022-01-06 15:09:00,Nine
291634,36.089049,-86.636397,EMS & Rescue,Low,2022-01-06 15:15:07,Nine
291635,36.213196,-86.760949,EMS & Rescue,Low,2022-01-06 15:13:00,Nine
291636,36.292876,-86.706,EMS & Rescue,Low,2022-01-06 15:12:00,Nine
291637,36.207669,-86.751911,EMS & Rescue,Low,2022-01-06 15:20:18,Nine
291638,36.128902,-86.715914,EMS & Rescue,Moderate,2022-01-06 15:23:38,Nine
291639,36.076094,-86.946466,Service Call,Moderate,2022-01-06 15:24:00,Five
291640,36.233009,-86.592465,EMS & Rescue,High,2022-01-06 15:23:00,Nine
291641,36.258801,-86.659097,EMS & Rescue,Moderate,2022-01-06 15:30:00,Nine
291642,36.132111,-86.739537,False Alarm False Call,Low,2022-01-06 15:32:55,ThreeF
291643,36.12842,-86.851211,Service Call,Moderate,2022-01-06 15:35:04,Five
291644,36.123126,-86.895634,False Alarm False Call,Low,2022-01-06 15:36:43,ThreeF
291645,36.183922,-86.718004,Service Call,Low,2022-01-06 15:38:11,Five
291646,36.146108,-86.706555,EMS & Rescue,Low,2022-01-06 15:38:37,Nine
291647,36.264226,-86.685124,EMS & Rescue,Moderate,2022-01-06 15:41:52,Nine
291648,36.111251,-86.732185,EMS & Rescue,Moderate,2022-01-06 15:42:08,Nine
291649,36.243961,-86.717767,False Alarm False Call,Low,2022-01-06 15:47:09,ThreeF
291650,36.263968,-86.658881,EMS & Rescue,Moderate,2022-01-06 15:50:37,Nine
291651,36.153335,-86.762278,EMS & Rescue,Moderate,2022-01-06 15:51:02,Nine
291652,36.079336,-86.919501,EMS & Rescue,Low,2022-01-06 15:51:00,Nine
291653,36.281956,-86.729996,EMS & Rescue,Low,2022-01-06 15:53:00,Nine
291654,36.164686,-86.662854,EMS & Rescue,Moderate,2022-01-06 15:58:00,Nine
291655,36.234726,-86.742975,EMS & Rescue,Low,2022-01-06 16:03:52,Nine
291656,36.078596,-86.687385,EMS & Rescue,Moderate,2022-01-06 16:06:16,Nine
291657,36.213196,-86.760949,EMS & Rescue,Moderate,2022-01-06 15:13:00,Nine
291658,36.220748,-86.737931,EMS & Rescue,Low,2022-01-06 16:11:51,Four
291659,36.099332,-86.657326,EMS & Rescue,Moderate,2022-01-06 16:16:18,Nine
291660,36.136978,-86.783115,False Alarm False Call,Low,2022-01-06 16:16:31,ThreeF
291661,36.325692,-86.85459,Service Call,Low,2022-01-06 16:21:03,Five
291662,36.163357,-86.779537,EMS & Rescue,High,2022-01-06 16:20:00,Nine
291663,36.227873,-86.830647,EMS & Rescue,Moderate,2022-01-06 16:30:45,Nine
291664,36.207308,-86.780317,EMS & Rescue,Low,2022-01-06 16:36:00,Nine
291665,36.081923,-86.727546,EMS & Rescue,Low,2022-01-06 16:40:00,Nine
291666,36.165792,-86.801366,EMS & Rescue,Low,2022-01-06 16:46:38,Nine
291667,36.142502,-86.7527,Service Call,Low,2022-01-06 16:47:57,Five
291668,36.085762,-86.60499,EMS & Rescue,Moderate,2022-01-06 16:53:20,Nine
291669,36.145085,-86.811195,EMS & Rescue,Low,2022-01-06 16:53:33,Nine
291670,36.1993,-86.62828,EMS & Rescue,Low,2022-01-06 16:50:00,Nine
291671,36.009026,-87.034195,EMS & Rescue,Moderate,2022-01-06 17:02:55,Nine
291672,36.196523,-86.834085,EMS & Rescue,Moderate,2022-01-06 17:03:35,Nine
291673,36.128996,-86.817725,EMS & Rescue,Moderate,2022-01-06 17:05:00,Nine
291674,36.139026,-86.833725,False Alarm False Call,Low,2022-01-06 17:09:24,ThreeF
291675,36.206048,-86.695274,False Alarm False Call,Low,2022-01-06 17:15:43,ThreeF
291676,36.058134,-86.821358,Service Call,Moderate,2022-01-06 17:21:39,Nine
291677,36.238432,-86.802243,EMS & Rescue,Moderate,2022-01-06 17:25:32,Nine
291678,36.177806,-86.797277,EMS & Rescue,Moderate,2022-01-06 17:28:20,Nine
291679,36.231629,-86.728609,EMS & Rescue,Low,2022-01-06 17:30:25,Nine
291680,36.280976,-86.705606,EMS & Rescue,Low,2022-01-06 17:33:30,Nine
291681,36.067943,-86.644008,EMS & Rescue,Moderate,2022-01-06 17:35:09,Nine
291682,36.279041,-86.788747,EMS & Rescue,Moderate,2022-01-06 17:35:33,Nine
291683,36.244893,-86.772231,EMS & Rescue,Moderate,2022-01-06 17:34:00,Nine
291684,36.298354,-86.698849,EMS & Rescue,Moderate,2022-01-06 17:44:08,Nine
291685,36.300026,-86.690553,EMS & Rescue,Moderate,2022-01-06 17:44:35,Nine
291686,36.072713,-86.732135,EMS & Rescue,Moderate,2022-01-06 17:46:44,Nine
291687,36.031739,-86.583324,EMS & Rescue,Low,2022-01-06 17:46:32,Nine
291688,36.107151,-86.747823,EMS & Rescue,Moderate,2022-01-06 17:47:00,Nine
291689,36.219698,-86.733067,EMS & Rescue,Moderate,2022-01-06 17:52:08,Nine
291690,36.261112,-86.757489,EMS & Rescue,Low,2022-01-06 17:51:00,Nine
291691,36.168113,-86.832963,EMS & Rescue,Moderate,2022-01-06 17:56:00,Nine
291692,36.2003,-86.735432,Service Call,Low,2022-01-06 18:00:17,Five
291693,36.16643,-86.781516,EMS & Rescue,Low,2022-01-06 18:00:47,Nine
291694,36.089423,-86.728113,EMS & Rescue,Moderate,2022-01-06 17:58:00,Nine
291695,36.22686,-86.745553,EMS & Rescue,Moderate,2022-01-06 18:00:00,Nine
291696,36.117229,-86.740437,EMS & Rescue,Moderate,2022-01-06 18:02:03,Nine
291697,36.156438,-86.786616,Fire,High,2022-01-06 18:08:18,Two
291698,36.107906,-86.712586,EMS & Rescue,Low,2022-01-06 18:07:00,Nine
291699,36.207122,-86.8598,EMS & Rescue,Moderate,2022-01-06 18:16:52,Nine
291700,36.167045,-86.758801,EMS & Rescue,Low,2022-01-06 18:17:50,Nine
291701,36.205839,-86.771616,EMS & Rescue,Low,2022-01-06 18:15:00,Nine
291702,36.103192,-86.551573,EMS & Rescue,Low,2022-01-06 18:17:00,Nine
291703,36.198733,-86.624401,Service Call,Moderate,2022-01-06 18:20:00,Five
291704,36.193086,-86.809826,EMS & Rescue,Moderate,2022-01-06 18:32:00,Nine
291705,36.155029,-86.771393,EMS & Rescue,Moderate,2022-01-06 18:33:40,Nine
291706,36.16643,-86.781516,EMS & Rescue,Moderate,2022-01-06 18:33:48,Nine
291707,36.266367,-86.689429,EMS & Rescue,Low,2022-01-06 18:35:15,Nine
291708,36.118304,-86.748686,EMS & Rescue,Low,2022-01-06 18:31:00,Nine
291709,36.121189,-86.842302,False Alarm False Call,Low,2022-01-06 18:39:28,ThreeF
291710,36.039698,-86.743992,EMS & Rescue,Low,2022-01-06 18:48:55,Nine
291711,36.154882,-86.846235,EMS & Rescue,Low,2022-01-06 18:51:13,Nine
291712,36.151271,-86.831422,EMS & Rescue,Low,2022-01-06 18:53:03,Nine
291713,36.049897,-86.71662,EMS & Rescue,Moderate,2022-01-06 18:53:07,Nine
291714,36.254992,-86.672701,EMS & Rescue,Low,2022-01-06 18:52:00,Nine
291715,36.209796,-86.777786,EMS & Rescue,Moderate,2022-01-06 18:57:00,Nine
291716,36.077965,-86.633194,EMS & Rescue,Low,2022-01-06 19:01:11,Nine
291717,36.160824,-86.780974,EMS & Rescue,Low,2022-01-06 19:04:15,Nine
291718,36.048132,-86.717437,EMS & Rescue,Moderate,2022-01-06 19:06:00,Nine
291719,36.181963,-86.586206,EMS & Rescue,High,2022-01-06 19:12:54,Nine
291720,36.153521,-86.777511,EMS & Rescue,Low,2022-01-06 19:10:00,Nine
291721,36.080267,-86.893859,EMS & Rescue,Low,2022-01-06 19:12:00,Nine
291722,36.188004,-86.821572,Fire,Low,2022-01-06 19:13:00,FourA
291723,36.239644,-86.745366,EMS & Rescue,Moderate,2022-01-06 19:16:57,Nine
291724,36.189786,-86.817843,False Alarm False Call,Low,2022-01-06 19:26:00,ThreeF
291725,36.157242,-86.795062,False Alarm False Call,Low,2022-01-06 19:29:26,ThreeF
291726,36.14004,-86.747094,EMS & Rescue,Low,2022-01-06 19:20:00,Nine
291727,36.161401,-86.775709,EMS & Rescue,Low,2022-01-06 19:30:00,Nine
291728,36.072698,-86.631065,EMS & Rescue,Moderate,2022-01-06 19:31:00,Nine
291729,36.173904,-86.601248,EMS & Rescue,Moderate,2022-01-06 19:38:00,Nine
291730,36.156438,-86.786616,Fire,High,2022-01-06 19:45:40,Two
291731,36.319969,-86.695099,EMS & Rescue,Moderate,2022-01-06 19:55:40,Nine
291732,36.19131,-86.903453,EMS & Rescue,Moderate,2022-01-06 19:55:44,Nine
291733,36.178136,-86.976146,Fire,Low,2022-01-06 19:57:44,Two
291734,36.046681,-86.953516,Service Call,Low,2022-01-06 19:58:09,FiveA
291735,36.170211,-86.599215,False Alarm False Call,Low,2022-01-06 19:59:35,ThreeF
291736,36.101437,-86.718885,EMS & Rescue,Moderate,2022-01-06 20:01:00,Nine
291737,36.154969,-86.775311,EMS & Rescue,Moderate,2022-01-06 20:01:00,Nine
291738,36.125492,-86.783184,EMS & Rescue,Moderate,2022-01-06 20:03:00,Nine
291739,36.104969,-86.820277,EMS & Rescue,High,2022-01-06 20:07:14,Nine
291740,36.198856,-86.765604,EMS & Rescue,Moderate,2022-01-06 20:12:57,Nine
291741,36.092234,-86.653982,EMS & Rescue,High,2022-01-06 20:14:00,Nine
291742,36.12842,-86.851211,EMS & Rescue,Moderate,2022-01-06 20:21:58,Nine
291743,36.16035,-86.841498,EMS & Rescue,Moderate,2022-01-06 20:25:19,Nine
291744,36.267367,-86.74191,EMS & Rescue,Low,2022-01-06 20:26:36,Nine
291745,36.228345,-86.800476,EMS & Rescue,Low,2022-01-06 20:25:00,Nine
291746,36.131733,-86.669168,EMS & Rescue,Low,2022-01-06 20:31:00,Nine
291747,36.102678,-86.868318,False Alarm False Call,Low,2022-01-06 20:33:48,Sixteen
291748,36.091849,-86.626898,EMS & Rescue,Moderate,2022-01-06 20:32:00,Nine
291749,36.156295,-86.781118,EMS & Rescue,Low,2022-01-06 20:35:07,Nine
291750,36.053916,-86.775152,Fire,High,2022-01-06 20:35:00,FourA
291751,36.325218,-86.698029,False Alarm False Call,Low,2022-01-06 20:43:55,ThreeF
291752,36.304945,-86.720079,EMS & Rescue,Moderate,2022-01-06 20:43:00,Nine
291753,36.125557,-86.752111,Fire,Low,2022-01-06 20:49:14,Four
291754,36.163228,-86.775897,EMS & Rescue,Moderate,2022-01-06 20:50:00,Nine
291755,36.238432,-86.802243,EMS & Rescue,Moderate,2022-01-06 20:54:00,Nine
291756,36.053655,-86.741605,EMS & Rescue,Low,2022-01-06 21:02:28,Nine
291757,36.13859,-86.796441,EMS & Rescue,Moderate,2022-01-06 21:02:00,Nine
291758,36.212282,-86.828163,EMS & Rescue,Moderate,2022-01-06 21:22:00,Nine
291759,36.125557,-86.752111,Fire,Low,2022-01-06 21:38:13,Four
291760,36.230632,-86.761741,EMS & Rescue,Low,2022-01-06 21:40:03,Nine
291761,36.098782,-86.746907,EMS & Rescue,Moderate,2022-01-06 21:39:00,Nine
291762,36.267995,-86.695981,False Alarm False Call,Low,2022-01-06 21:47:57,ThreeF
291763,36.211451,-86.839847,EMS & Rescue,Moderate,2022-01-06 21:50:00,Nine
291764,36.147305,-86.814575,EMS & Rescue,Low,2022-01-06 21:52:00,Nine
291765,36.357871,-86.882884,EMS & Rescue,Moderate,2022-01-06 21:56:25,Nine
291766,36.045782,-86.643331,EMS & Rescue,Moderate,2022-01-06 22:04:24,Nine
291767,36.159,-86.775897,EMS & Rescue,Low,2022-01-06 22:07:00,Nine
291768,36.156008,-86.642643,EMS & Rescue,Moderate,2022-01-06 22:15:00,Nine
291769,36.142369,-86.812986,EMS & Rescue,Low,2022-01-06 22:18:00,Nine
291770,36.059616,-86.739732,EMS & Rescue,Low,2022-01-06 22:20:22,Nine
291771,36.051236,-86.608655,False Alarm False Call,Low,2022-01-06 22:31:49,ThreeF
291772,36.191327,-86.601725,EMS & Rescue,Low,2022-01-06 22:32:00,Nine
291773,36.219211,-86.803698,EMS & Rescue,Low,2022-01-06 22:48:10,Nine
291774,36.124911,-86.844915,EMS & Rescue,Moderate,2022-01-06 22:52:00,Nine
291775,36.165534,-86.676932,EMS & Rescue,Low,2022-01-06 23:06:51,Nine
291776,35.990512,-86.676782,EMS & Rescue,Low,2022-01-06 23:12:13,Nine
291777,36.165789,-86.80085,EMS & Rescue,Low,2022-01-06 23:20:26,Nine
291778,36.137928,-86.798663,False Alarm False Call,Low,2022-01-06 23:23:09,ThreeF
291779,36.048183,-86.687726,EMS & Rescue,Moderate,2022-01-06 23:28:00,Nine
291780,36.068124,-86.922216,EMS & Rescue,Moderate,2022-01-06 23:35:53,Nine
291781,36.162355,-86.779798,False Alarm False Call,Low,2022-01-06 23:49:05,ThreeF
291782,36.267514,-86.753881,EMS & Rescue,Low,2022-01-06 23:48:00,Nine
291783,36.220873,-86.696418,EMS & Rescue,Low,2022-01-06 23:51:00,Nine
291784,36.254992,-86.672701,EMS & Rescue,Low,2022-01-06 23:55:43,Nine
